mutant_hash,org.apache.commons.cli.OptionsTest::testHelpOptions,org.apache.commons.cli.TestHelpFormatter::testPrintOptions,org.apache.commons.cli.bug.BugCLI18Test::testCLI18,n_tests_killing,killed
0022e4d72d8da08335db8f4f31b21808536f07e8daf52e04f315c4984a7fbc4a,0,0,0,0,0
017665844786d71b1a8492d1e45c3786ab3b1685d02266ceb9e588b95cff259a,0,0,0,0,0
07ad9884184272e243714a5835139e023247c9d1e68d5e1e98094cb2bb01ad73,0,0,0,0,0
13e2a23f8d82123256be463715bf55e0429b225e658e3261ccff2f907d2bca3d,0,0,0,0,0
1554308645be3e68153c0e8a42c7c760599415a1f8b1e252e3cda28090b74712,1,1,0,2,1
1e3cb18ba4d47958a5567f494b3196975fd7bbcf0625c84b5cc646ea3623e394,0,0,0,0,0
1e5d101f8312c335b5f2a1f9a0e0fd6c541ff6a3b317ec00e624862642bf6cbd,0,0,0,0,0
22fd9f733f1a84821e94f7fbee7b0de59fbed14ee0d50bcc1e4949101334f38a,0,0,0,0,0
25f93791abbef82a81eb8bab2f991908217efa89dcd3b4b7db2a5dbcd52c7fbe,0,0,0,0,0
2e98c2fa4297176c000c500a385bec9daf928298635b8dd8d7f89ec91fd6fc9d,0,0,0,0,0
3324aefe79e9f1fc58bd6b549fdf42e16e12d180458e30fa0f7f0f43d64c6802,0,0,0,0,0
3845e80b25f750ada822e65e5f3a62bf285844a524f2e4c0e2088393dbfc7e21,0,0,0,0,0
38a10010bae8c2df9686ee578a747bd2afe93380ac1c5e75f33c4075894ad912,0,0,0,0,0
3a44e84bc21e3eedaad4f42f4f0114609778612b62be8940482d87253da00098,0,0,0,0,0
435d3d05c44862e25f539cf9d677bd9433bcc29a7c0b118b3fa97fb2b83d3565,0,0,0,0,0
4477f931f7ded52bc4a9970404c049c3b1090857c4f9b678f0ef42d2ac5ed41a,0,0,0,0,0
47b7841ce5595c6d2e673b6c61f881b3dab9f8891e11b701535eab4f29598a86,0,0,0,0,0
4be48457dfc3260cfd602298e88294f5a3dccf804ade99b53708e9a97bfb14b3,0,0,0,0,0
4c1507fa3ea402cc1c0f5a5be03aa2a08e8e2b1644bd1fa39411c250b4fa6b85,0,0,0,0,0
4deea3512c732de9b7bfd49f113485a410c6cd392dfbb5eaf14a7c9ac0ff8e9f,1,0,0,1,1
59f6736cca53e13e1a57290d8854dbeb5e77b5e352e142ee5d45f54b8bac13c2,0,0,0,0,0
668244c2e01a2108e36c2e5af004d0347a963ff0da73eeb6824d3d96946ae135,0,0,0,0,0
775b1c713f3361f56765abcbc9c3d27bd4e1f74e46ba4ab552c5cd33353e0ac2,0,0,0,0,0
7a8a831a9e22a3807809e25f59e12b892c2e3177ca6b052d1d33e973312a72f6,0,0,0,0,0
7bb9719c549fd647571dfa9c7484ce824ac03e35ca013c9262a4a3926ce1bf83,0,0,0,0,0
7ca07102cd12d024020f033c7d092cd34f4c8fe75893711bc5cb35da491e2bfe,0,0,0,0,0
83802e464705272015380ec46e769274f2cf80c1c34bbf6e2f5d94215939727a,0,0,0,0,0
8bebda59ab1b52ab97f1de479c194286f653b57e6b74237f81382ffe50a0c6b8,0,0,0,0,0
8cfc18d63d2f253681b36238af18dd6ac45afb7a9840036576692939489c218b,0,0,0,0,0
9b0e68b33e66dfbb9207b652e5404c11b143cd45dbbb9a2c62c451cc8a519053,0,0,0,0,0
9ec04fcb8cded3e50c7f0ba7850a8901a993f6dbf30eb553d74e576dadc1fbcf,0,0,0,0,0
b6b51fc01248d91d8f5b564566bf90ff958ccf71f202f53b107d807ee1dfe780,0,0,0,0,0
bbdc933718828b9558094e06537d20d836269002a37c9ee44eef3435cb8acd02,0,0,0,0,0
c726fcba58859d59293953cfcfb13e7e821ca3d58de199f0205966a9eea8b4c5,0,0,0,0,0
c8ef401fe6536ffe924f2812648fd481bc625d9b4c16fe13a5ebce18f95ce9cb,0,0,0,0,0
d0a39769daf0c433541037699800a5ec7faae2e06691f7b4919deddf3f14b5f2,0,0,0,0,0
d220b3ceff87931e6a98f182bb58c512bddd594db8fc7bd221dd6c9953dd7256,0,0,0,0,0
d231526515dfbe6eacfa7a9d98d4914d029e797d7cee6aded0ce9c5276cb3d95,0,0,0,0,0
d7bd4dc29474753148320a2dbb3b6b7dc5d942a29aa2130071fed36d01b7295d,0,0,0,0,0
d843c75794bf9175074d5358f09dc2ad9586fd4085a3db5a533908f3d7ce59a8,0,0,0,0,0
e4065f6614a01fff5c22602c312a010d82497680f430c3a5ad3196ea342a643c,0,0,0,0,0
e8ed634b919045303b6825a1e0aa2e396239add714f4df5b3a981145c93d589e,0,0,0,0,0
ef73987487b410046dd0663adc46499f8a66e0753f6b6d30a32e4df8756dbf67,0,0,0,0,0
f3ecb4e86651c6a104330ec2dbbdaff1e15a2001b95f0832c6a56b7a21b3c348,0,0,0,0,0
f51ccd6c89aa354b56fcaed8aba5999ebfc885439aa697251d16fe27d398445b,0,0,0,0,0
f8c8a9eb4170446c9fb529f3ff1036e1ed4276ee79707e56f838c0d3c60d2ed3,0,0,0,0,0
