mutant_hash,org.apache.commons.cli.PatternOptionBuilderTest::testClassPattern,org.apache.commons.cli.PatternOptionBuilderTest::testExistingFilePattern,org.apache.commons.cli.PatternOptionBuilderTest::testNumberPattern,org.apache.commons.cli.PatternOptionBuilderTest::testObjectPattern,org.apache.commons.cli.PatternOptionBuilderTest::testSimplePattern,org.apache.commons.cli.PatternOptionBuilderTest::testURLPattern,n_tests_killing,killed
06e8a4c1bbe4d0619530a803c872b11bfceef276828e788780a4f70a90279269,0,0,0,0,0,0,0,0
0759bee86f0c8127bad215e78a14e70768596558e27dcf5c083cea7b19cfdd3f,0,0,0,0,0,0,0,0
095cf020350efecaaaf364a2ad4918d6c6d51a4b96cb2bce654698ca7c34590d,0,0,0,0,0,0,0,0
0a316ea6797f317d25f1762f4b18af5ce5bb0e2eaed7b03922b8504ca88014cd,0,0,0,0,0,0,0,0
11e4f1b687a088380cff7d42aa3607910444aea7c9e3818bc312cd2bf2d840d2,0,0,0,0,0,0,0,0
135e084b6ddbb071993551ef9016714b48db95fda2e21facf32a5e8ea181dda0,0,0,0,0,0,0,0,0
136f8742284884960ba153081b6ae7113580acbe868418ef71c31ff6f3e48a6e,0,0,0,0,1,0,1,1
26691c57fcfd364f8dca89b3af85443206c55934e266428ae0b8435f51a2af8f,0,0,0,0,0,0,0,0
284f88c8f98d8118dcbd7afa90d9c95f70defc3886e208dbe058711a6eeb5428,0,0,1,0,1,0,2,1
2e7ae685baf9904f4e50f00359de24231a7329137ee4b46d2e43cd83d2395060,0,0,0,0,0,0,0,0
3ad3cebc13ff3e7a118b550e467ffdcdb248ea288b5273fedf7ba641f87f6bef,0,0,0,0,1,0,1,1
456bebda9612a577434f4672af35851da529a9cdaceda70adb78a935a11628ee,0,0,0,0,0,0,0,0
4fbfc896a7ac69e9b857b2b43f2794b9349e5ffd20e9588852fada7571ba7c5e,0,0,0,0,0,0,0,0
5d55b38ab74014dcf5eccd9301e4a208780ed1281cddca8da47ac1d1a16c3655,0,0,0,0,0,0,0,0
6631d19cc5effff7513f28b30eb33b3152d3cbbaed6c36a74045ede4d9b22a40,0,0,0,0,0,0,0,0
66e160d330c1314e3213ec3b81418672d79f5c84e8065445170a93bbbe2556cd,0,0,0,0,0,0,0,0
6928348abbe426fc1bb6b7f063d38e73ce8fd367928e05d0d3b854abc6c50038,0,0,0,1,1,0,2,1
696b7e07b81cf5d19b5df337dbb0308d9e3151bac338534a4085b1b003758151,0,0,0,0,1,0,1,1
6f4a4be7c8ff40b79bb35f189c430494f6ceee50ee90ce66876d96e5640d8398,0,0,0,0,0,0,0,0
72d377c53cf33f3cd2d96a68641ff739a7f12df523eb8484633c6bb58c3b9237,0,0,0,0,0,0,0,0
7976d723691ee14d63f28eedd6b40e4f1dafe85e532fd71b26b749a64a9e245a,0,0,0,0,1,1,2,1
87572db5b80ceaede42fa0e13dd36a2ea292d993a4029a0e9c40d45b0ce7dd9e,0,0,0,0,0,0,0,0
8b50d6a65574e8f5f4f4cc933cf536887f696454aaba11a641f9cefabbd05bf0,0,0,0,0,0,0,0,0
9444ea88171cf9c7f5a6a2e9adad058a7975b69d2d473e779a31e0703947b918,0,0,0,0,1,0,1,1
9d6fb41d50450fa8390ea1e72c3b273ce4fa1aa6370bac8fd1c7c06e6326ec53,0,0,0,1,1,0,2,1
a9b98a483f329b0454a08282b766d68bdbba09156a89246a4708edf6d50a4853,0,0,1,0,1,0,2,1
ad6dce22a42eae9db4cb84431af682125e2154c58884dc7bc5e3d88791eac355,1,0,0,0,1,0,2,1
b303887e0753639ece4c42b1a6d091fbb346eada03674a43ae86294171f1b68c,0,0,0,0,0,0,0,0
b3bdb24086487312b9ba3099bbfa35267e4b3d8c32c872e10bc5984b72bf2e4f,0,0,0,0,1,1,2,1
b45ba60cc28a7fa5b766e0daa2bcddda9771af891d2456ac1996de13b31126e9,0,0,0,0,0,0,0,0
b9e96baa4360ec616538d327f5db5f235cd2d31ccf6a47f0c7328233d864746d,0,0,0,0,1,0,1,1
b9f9f29e58d11f3227efd8d37cda9044a92da51be5fb5a288102b1aa470ece8f,0,0,0,0,0,0,0,0
cba7f5418a3d7e1a11ce6d90633f510fb58b7d094e69c2d8e756ab4c1c8f2fb1,0,0,0,0,0,0,0,0
d1627e7c63e530d1b31678b53e4e794bb678d9d2324bf8369e4cb367cefa54d4,0,0,0,0,0,0,0,0
d19b09548ec00c341d0f76540d65877abc70d7c5e3fb0695a24a56fbd47ec571,0,1,0,0,0,0,1,1
daac899ec1b6f4aa9ad0a4ce1671272445035f314047e1c0e9c3001204297803,0,0,0,0,1,0,1,1
df6fd4cfdb4d8bdc8086fbb10211e8956b1b7411a6567ecf9f7c1ca115eab5b6,0,0,0,0,0,0,0,0
e67718153150c0bf52f638b3a627bd38c1ab13ed73bdb698830e2d574788086f,1,0,0,0,1,0,2,1
e8b3670265d898fb0e4bbc53e7a6c57826dffa8b6e7cac9d8ced90a796f564c3,0,0,0,0,1,0,1,1
f932ccec656c083db31d8407dcb85e03b3d41919abad62cbd5f2f8df31736724,0,0,1,0,1,0,2,1
fa2968ee0d47a6bb3f1f85a41c9e6f8e6db63efb1cb7358179098a172f0f1ab4,0,0,0,0,1,0,1,1
