mutant_hash,org.apache.commons.cli2.PrecedenceTest::testArgument,org.apache.commons.cli2.PrecedenceTest::testArgumentVsBurst,org.apache.commons.cli2.PrecedenceTest::testArgumentVsBurstVsChildren,org.apache.commons.cli2.PrecedenceTest::testArgumentVsChildren,org.apache.commons.cli2.PrecedenceTest::testBurst,org.apache.commons.cli2.PrecedenceTest::testBurstVsChildren,org.apache.commons.cli2.PrecedenceTest::testChildren,org.apache.commons.cli2.PrecedenceTest::testSimple,org.apache.commons.cli2.application.AntTest::testAnt,org.apache.commons.cli2.application.CpTest::testMultiSource,org.apache.commons.cli2.application.CpTest::testOneSource,org.apache.commons.cli2.application.LsTest::testLs,org.apache.commons.cli2.bug.Bug13886Test::testMandatoryGroup,org.apache.commons.cli2.bug.Bug13935Test::testRequiredGroup,org.apache.commons.cli2.bug.Bug15046Test::testParamNamedAsOption,org.apache.commons.cli2.bug.Bug15648Test::testQuotedArgumentValue,org.apache.commons.cli2.bug.Bug28005Test::testInfiniteLoop,org.apache.commons.cli2.bug.Bug32533Test::testBlah,org.apache.commons.cli2.bug.BugCLI122Test::testArgumentWhichStartsWithDash,org.apache.commons.cli2.bug.BugCLI12Test::testBug,org.apache.commons.cli2.bug.BugCLI80Test::testBug,org.apache.commons.cli2.bug.BugLoopingOptionLookAlikeTest::testLoopingOptionLookAlike2,org.apache.commons.cli2.commandline.ParserTest::testParseAndHelp_ByHelpOption,org.apache.commons.cli2.commandline.ParserTest::testParseAndHelp_ByHelpTrigger,org.apache.commons.cli2.commandline.ParserTest::testParseAndHelp_Successful,org.apache.commons.cli2.commandline.ParserTest::testParse_Successful,org.apache.commons.cli2.option.GroupTest::testProcess,org.apache.commons.cli2.option.GroupTest::testProcessAnonymousArguments,org.apache.commons.cli2.option.GroupTest::testProcessOptions,org.apache.commons.cli2.option.GroupTest::testProcess_Nested,org.apache.commons.cli2.option.NestedGroupTest::testNestedGroup,org.apache.commons.cli2.option.ParentTest::testProcess_Children,n_tests_killing,killed
051a92bc805ae794bc7b3f1457e994678c37e0eb493630da71ae9780bec31c67,0,0,0,0,0,0,0,0,1,1,1,0,0,0,0,0,0,0,0,1,0,0,0,0,0,0,1,1,0,0,0,0,6,1
1a57db312151a1f12407190eeb02b999007bcaf826f37b869bb2f87ee81af97b,1,1,1,1,1,1,1,0,1,1,1,1,0,0,0,0,1,0,1,1,1,1,1,1,0,1,1,1,0,0,1,0,22,1
26f6acd056e4606d24bf3229fc3d712956ea398488f50f4bda9c1f9aa8063c71,1,1,1,1,1,1,1,0,1,0,0,1,0,0,0,0,0,0,1,1,0,0,1,1,0,1,0,0,0,0,1,0,15,1
2a00c5dde3ca701abd50c7d23a053996b3527be2e549d6e188c40acac342f470,0,0,0,0,0,0,0,0,0,0,0,0,0,0,0,0,0,0,0,0,0,0,0,0,0,0,0,0,0,0,0,0,0,0
39b94fdbcef8d0286df82a918c11b9bd5a43a223ea95333324ab48b4d261bba1,0,0,0,0,0,0,0,0,1,1,1,0,0,0,0,0,0,0,0,1,0,0,0,0,0,0,1,1,0,0,0,0,6,1
45b3d50ac42f5249d220cb57436ed348fb729d4cbdb644df87462111a393a6b1,0,0,0,0,0,0,0,0,1,1,1,0,0,0,0,0,1,0,0,1,1,1,0,0,0,0,1,1,0,0,0,0,9,1
489d55a4bc2d1f76a62e9b9ce4282d3eb2b8b61bec9c9bb4496c84cb9dc0c9e0,1,1,1,1,1,1,1,0,1,0,0,1,0,0,0,0,0,0,0,1,0,0,1,1,0,1,0,0,0,0,1,0,14,1
4de6a2db66f29807edcada547651ae24666c2b7e28d7d158bcf86933418f3d96,0,0,0,0,0,0,0,0,1,1,1,0,0,0,0,0,1,0,0,1,1,1,0,0,0,0,1,1,0,0,0,0,9,1
513edda0dcfe63c8f1f74510c5a305bddc6b67c33cb9fc03f014ccdce69bf245,0,0,0,0,0,0,0,0,1,1,1,0,0,0,0,0,0,0,0,1,0,0,0,0,0,0,1,1,0,0,0,0,6,1
532bddd8f8a7560685817107072818640b573b541f98cd90ea4628757980b7f6,0,0,0,0,0,0,0,0,0,0,0,0,0,0,0,0,0,0,0,0,0,1,0,0,0,0,0,0,0,0,0,0,1,1
5fde899d7b11e8b6a09c34f71aa9896d554b88c5eeb059ee5e347c059ac7f354,1,1,1,1,1,1,1,0,1,0,0,1,0,0,0,0,0,0,1,1,0,0,1,1,0,1,0,0,0,0,1,0,15,1
63342d5be9cf3c37b37f6302c985aeb5e6ccd7362039b6afa7c0e92a664f0e7d,0,0,0,0,0,0,0,0,0,0,0,0,0,0,0,0,0,0,0,0,0,0,0,0,0,0,0,0,0,0,0,0,0,0
68db81a9b66f0e38844806654dbb0812041bbfe0d2625a385858bc10072873a7,0,0,0,0,0,0,0,0,0,0,0,0,0,0,0,0,0,0,0,0,0,0,0,0,0,0,0,0,0,0,0,0,0,0
6b8afe8ac786b004c6076bd85c1851ecb293628fa7429ad8e3a7c5b60d01b83c,0,0,0,0,1,1,1,1,1,0,0,0,1,1,1,1,1,1,1,0,1,0,1,1,1,1,1,0,1,1,1,1,22,1
6db6a5c8f738d073ffd8e9b37c652f0a74eb53b23e04791372ca5ddea3783325,0,0,0,0,0,0,0,0,0,0,0,0,0,0,0,0,0,0,0,0,0,0,0,0,0,0,0,0,0,0,0,0,0,0
71c565f4b589443152787ccbcf629ac855a6c4282fbf28ea4edeaec10986aff0,0,0,0,0,1,1,1,1,1,0,0,0,1,1,1,1,1,1,1,0,1,0,1,1,1,1,1,0,1,1,1,1,22,1
74f2356f18bd4e86e75248634d4be855d828b6886501f54c532ee961f44b7b3a,1,1,1,1,1,1,1,0,1,1,1,1,0,0,0,0,1,0,1,1,1,1,1,1,0,1,1,1,0,1,1,1,24,1
767f9de522833d04a0077cfaf682d838439efe38ae53ca36cb943da87cf5d9da,1,1,1,1,0,1,1,0,1,0,0,1,0,0,0,0,0,0,1,1,0,0,0,0,0,0,0,0,0,0,1,0,11,1
80426ef8fcc687ef792ef322d22e679e93d06e471c53cb286d9539406599cb06,0,0,0,0,0,0,0,0,1,1,1,0,0,0,0,0,0,0,0,1,0,0,0,0,0,0,1,1,0,0,0,0,6,1
8781144c223bd81b6f6e768a3329fcf8936dd3695f7dcda9c51c5e976441e17f,0,0,0,0,0,0,0,0,0,0,0,0,0,0,0,0,0,0,0,0,0,0,0,0,0,0,0,0,0,0,0,0,0,0
8dbe721df5a2a773caa761f47a45ae89a047bcd7cc1c6fdb987024403e9afd09,0,0,0,0,0,0,0,0,0,0,0,0,0,0,0,0,0,0,0,0,0,0,0,0,0,0,0,0,0,0,0,0,0,0
b36e0aa9631a7b4ada94c28a5db6cc0ee935d8f792095b197d810263c4ff8083,0,0,0,0,1,1,1,1,1,0,0,0,1,1,1,1,1,1,1,0,1,0,1,1,1,1,1,0,1,1,1,1,22,1
b76ccf3cc8d151aea4284aef397c5c3c28381e726e96d1fae7490308c173c527,0,0,0,0,0,0,0,0,0,0,0,0,0,0,0,0,0,0,0,0,0,0,0,0,0,0,0,0,0,0,0,0,0,0
bf67bbb9589f6e4913e73dbbbe84e132390bffe0856aed837721219ecc9210a3,0,0,0,0,0,0,0,0,0,0,0,0,0,0,0,0,0,0,0,0,0,0,0,0,0,0,0,0,0,0,0,0,0,0
c37d5e68dbdd57e059b7a667aa468516e02ab031cf96397e1a67e9ad7dca6f4a,1,1,1,1,1,1,1,0,1,0,0,1,0,0,0,0,0,0,1,1,0,0,1,1,0,1,0,0,0,0,1,0,15,1
c677ba38c8fc6bcb5cd1cfebf9a0f434b397f76f5844ca125551a03fd2c4df66,0,0,0,0,0,0,0,0,0,0,0,0,0,0,0,0,0,0,0,0,0,0,0,0,0,0,0,0,0,0,0,0,0,0
caefefe5f8d6dcf29e35f230dab5fe828d2cd58790ca2f0428d007aef7bba48d,1,1,1,1,1,1,1,0,1,1,1,1,0,0,0,0,0,0,1,1,0,0,1,1,0,1,1,1,0,0,1,0,19,1
e0294ea130160bcacd24a0bcc8dc964de3395db425229048cb2594c2d9e21517,1,1,1,1,1,1,1,0,1,0,0,1,0,0,0,0,0,0,1,1,0,0,1,1,0,1,0,0,0,0,1,0,15,1
e13ee5faa0039ede44336e85aca1088075e3142f6045daf979f0a28406b9a989,0,0,0,0,0,0,0,0,0,0,0,0,0,0,0,0,0,0,0,0,0,0,0,0,0,0,0,0,0,0,0,0,0,0
e65f2212b4a8d1e303378e56b0849bbaf8cc94d19f60df192016a02a5c7b5bbc,0,0,0,0,0,0,0,0,0,0,0,0,0,0,0,0,1,0,0,0,0,0,0,0,0,0,0,0,0,1,0,1,3,1
