project,subject_id,run_name,target_id,function_name,mutant_id,mutant_hash,build_status,test_status,killed,stored_killed,executable,target_test_count,executed_test_count,failing_test_count,error_test_count,skipped_test_count,not_run_test_count,test_results_source,log_path,test_name,eligible,executed,outcome,duration_ms,failure_type,message,worker_id,execution_index
Lang,Lang_1,batch10__Lang_1__append__lang_1f_append_line821,lang_1f_append__line821_854,append,m01,a1a696db1eca8678f032f4e7dc0443d48a1d63400fb55e9ebf9b075d79e86ad7,SUCCESS,FAIL,True,True,True,24,24,5,0,0,0,test_results.csv,harness/executions/runs/batch10__Lang_1__append__lang_1f_append_line821/execution/m01.log,org.apache.commons.lang3.ArrayUtilsTest::testHashCode,True,True,PASS,,,,1,1
Lang,Lang_1,batch10__Lang_1__append__lang_1f_append_line821,lang_1f_append__line821_854,append,m01,a1a696db1eca8678f032f4e7dc0443d48a1d63400fb55e9ebf9b075d79e86ad7,SUCCESS,FAIL,True,True,True,24,24,5,0,0,0,test_results.csv,harness/executions/runs/batch10__Lang_1__append__lang_1f_append_line821/execution/m01.log,org.apache.commons.lang3.builder.HashCodeBuilderAndEqualsBuilderTest::testFixture,True,True,PASS,,,,1,2
Lang,Lang_1,batch10__Lang_1__append__lang_1f_append_line821,lang_1f_append__line821_854,append,m01,a1a696db1eca8678f032f4e7dc0443d48a1d63400fb55e9ebf9b075d79e86ad7,SUCCESS,FAIL,True,True,True,24,24,5,0,0,0,test_results.csv,harness/executions/runs/batch10__Lang_1__append__lang_1f_append_line821/execution/m01.log,org.apache.commons.lang3.builder.HashCodeBuilderAndEqualsBuilderTest::testFixtureWithTransients,True,True,PASS,,,,1,3
Lang,Lang_1,batch10__Lang_1__append__lang_1f_append_line821,lang_1f_append__line821_854,append,m01,a1a696db1eca8678f032f4e7dc0443d48a1d63400fb55e9ebf9b075d79e86ad7,SUCCESS,FAIL,True,True,True,24,24,5,0,0,0,test_results.csv,harness/executions/runs/batch10__Lang_1__append__lang_1f_append_line821/execution/m01.log,org.apache.commons.lang3.builder.HashCodeBuilderAndEqualsBuilderTest::testInteger,True,True,PASS,,,,1,4
Lang,Lang_1,batch10__Lang_1__append__lang_1f_append_line821,lang_1f_append__line821_854,append,m01,a1a696db1eca8678f032f4e7dc0443d48a1d63400fb55e9ebf9b075d79e86ad7,SUCCESS,FAIL,True,True,True,24,24,5,0,0,0,test_results.csv,harness/executions/runs/batch10__Lang_1__append__lang_1f_append_line821/execution/m01.log,org.apache.commons.lang3.builder.HashCodeBuilderAndEqualsBuilderTest::testIntegerWithTransients,True,True,PASS,,,,1,5
Lang,Lang_1,batch10__Lang_1__append__lang_1f_append_line821,lang_1f_append__line821_854,append,m01,a1a696db1eca8678f032f4e7dc0443d48a1d63400fb55e9ebf9b075d79e86ad7,SUCCESS,FAIL,True,True,True,24,24,5,0,0,0,test_results.csv,harness/executions/runs/batch10__Lang_1__append__lang_1f_append_line821/execution/m01.log,org.apache.commons.lang3.builder.HashCodeBuilderTest::testBooleanArrayAsObject,True,True,PASS,,,,1,6
Lang,Lang_1,batch10__Lang_1__append__lang_1f_append_line821,lang_1f_append__line821_854,append,m01,a1a696db1eca8678f032f4e7dc0443d48a1d63400fb55e9ebf9b075d79e86ad7,SUCCESS,FAIL,True,True,True,24,24,5,0,0,0,test_results.csv,harness/executions/runs/batch10__Lang_1__append__lang_1f_append_line821/execution/m01.log,org.apache.commons.lang3.builder.HashCodeBuilderTest::testBooleanMultiArray,True,True,FAIL,,TEST_FAILURE,Observed in defects4j failing-tests list,1,7
Lang,Lang_1,batch10__Lang_1__append__lang_1f_append_line821,lang_1f_append__line821_854,append,m01,a1a696db1eca8678f032f4e7dc0443d48a1d63400fb55e9ebf9b075d79e86ad7,SUCCESS,FAIL,True,True,True,24,24,5,0,0,0,test_results.csv,harness/executions/runs/batch10__Lang_1__append__lang_1f_append_line821/execution/m01.log,org.apache.commons.lang3.builder.HashCodeBuilderTest::testByteArrayAsObject,True,True,PASS,,,,1,8
Lang,Lang_1,batch10__Lang_1__append__lang_1f_append_line821,lang_1f_append__line821_854,append,m01,a1a696db1eca8678f032f4e7dc0443d48a1d63400fb55e9ebf9b075d79e86ad7,SUCCESS,FAIL,True,True,True,24,24,5,0,0,0,test_results.csv,harness/executions/runs/batch10__Lang_1__append__lang_1f_append_line821/execution/m01.log,org.apache.commons.lang3.builder.HashCodeBuilderTest::testCharArrayAsObject,True,True,PASS,,,,1,9
Lang,Lang_1,batch10__Lang_1__append__lang_1f_append_line821,lang_1f_append__line821_854,append,m01,a1a696db1eca8678f032f4e7dc0443d48a1d63400fb55e9ebf9b075d79e86ad7,SUCCESS,FAIL,True,True,True,24,24,5,0,0,0,test_results.csv,harness/executions/runs/batch10__Lang_1__append__lang_1f_append_line821/execution/m01.log,org.apache.commons.lang3.builder.HashCodeBuilderTest::testDoubleArrayAsObject,True,True,PASS,,,,1,10
Lang,Lang_1,batch10__Lang_1__append__lang_1f_append_line821,lang_1f_append__line821_854,append,m01,a1a696db1eca8678f032f4e7dc0443d48a1d63400fb55e9ebf9b075d79e86ad7,SUCCESS,FAIL,True,True,True,24,24,5,0,0,0,test_results.csv,harness/executions/runs/batch10__Lang_1__append__lang_1f_append_line821/execution/m01.log,org.apache.commons.lang3.builder.HashCodeBuilderTest::testFloatArrayAsObject,True,True,PASS,,,,1,11
Lang,Lang_1,batch10__Lang_1__append__lang_1f_append_line821,lang_1f_append__line821_854,append,m01,a1a696db1eca8678f032f4e7dc0443d48a1d63400fb55e9ebf9b075d79e86ad7,SUCCESS,FAIL,True,True,True,24,24,5,0,0,0,test_results.csv,harness/executions/runs/batch10__Lang_1__append__lang_1f_append_line821/execution/m01.log,org.apache.commons.lang3.builder.HashCodeBuilderTest::testIntArrayAsObject,True,True,PASS,,,,1,12
Lang,Lang_1,batch10__Lang_1__append__lang_1f_append_line821,lang_1f_append__line821_854,append,m01,a1a696db1eca8678f032f4e7dc0443d48a1d63400fb55e9ebf9b075d79e86ad7,SUCCESS,FAIL,True,True,True,24,24,5,0,0,0,test_results.csv,harness/executions/runs/batch10__Lang_1__append__lang_1f_append_line821/execution/m01.log,org.apache.commons.lang3.builder.HashCodeBuilderTest::testLongArrayAsObject,True,True,PASS,,,,1,13
Lang,Lang_1,batch10__Lang_1__append__lang_1f_append_line821,lang_1f_append__line821_854,append,m01,a1a696db1eca8678f032f4e7dc0443d48a1d63400fb55e9ebf9b075d79e86ad7,SUCCESS,FAIL,True,True,True,24,24,5,0,0,0,test_results.csv,harness/executions/runs/batch10__Lang_1__append__lang_1f_append_line821/execution/m01.log,org.apache.commons.lang3.builder.HashCodeBuilderTest::testObject,True,True,FAIL,,TEST_FAILURE,Observed in defects4j failing-tests list,1,14
Lang,Lang_1,batch10__Lang_1__append__lang_1f_append_line821,lang_1f_append__line821_854,append,m01,a1a696db1eca8678f032f4e7dc0443d48a1d63400fb55e9ebf9b075d79e86ad7,SUCCESS,FAIL,True,True,True,24,24,5,0,0,0,test_results.csv,harness/executions/runs/batch10__Lang_1__append__lang_1f_append_line821/execution/m01.log,org.apache.commons.lang3.builder.HashCodeBuilderTest::testObjectArray,True,True,FAIL,,TEST_FAILURE,Observed in defects4j failing-tests list,1,15
Lang,Lang_1,batch10__Lang_1__append__lang_1f_append_line821,lang_1f_append__line821_854,append,m01,a1a696db1eca8678f032f4e7dc0443d48a1d63400fb55e9ebf9b075d79e86ad7,SUCCESS,FAIL,True,True,True,24,24,5,0,0,0,test_results.csv,harness/executions/runs/batch10__Lang_1__append__lang_1f_append_line821/execution/m01.log,org.apache.commons.lang3.builder.HashCodeBuilderTest::testObjectArrayAsObject,True,True,FAIL,,TEST_FAILURE,Observed in defects4j failing-tests list,1,16
Lang,Lang_1,batch10__Lang_1__append__lang_1f_append_line821,lang_1f_append__line821_854,append,m01,a1a696db1eca8678f032f4e7dc0443d48a1d63400fb55e9ebf9b075d79e86ad7,SUCCESS,FAIL,True,True,True,24,24,5,0,0,0,test_results.csv,harness/executions/runs/batch10__Lang_1__append__lang_1f_append_line821/execution/m01.log,org.apache.commons.lang3.builder.HashCodeBuilderTest::testObjectBuild,True,True,FAIL,,TEST_FAILURE,Observed in defects4j failing-tests list,1,17
Lang,Lang_1,batch10__Lang_1__append__lang_1f_append_line821,lang_1f_append__line821_854,append,m01,a1a696db1eca8678f032f4e7dc0443d48a1d63400fb55e9ebf9b075d79e86ad7,SUCCESS,FAIL,True,True,True,24,24,5,0,0,0,test_results.csv,harness/executions/runs/batch10__Lang_1__append__lang_1f_append_line821/execution/m01.log,org.apache.commons.lang3.builder.HashCodeBuilderTest::testReflectionHashCode,True,True,PASS,,,,1,18
Lang,Lang_1,batch10__Lang_1__append__lang_1f_append_line821,lang_1f_append__line821_854,append,m01,a1a696db1eca8678f032f4e7dc0443d48a1d63400fb55e9ebf9b075d79e86ad7,SUCCESS,FAIL,True,True,True,24,24,5,0,0,0,test_results.csv,harness/executions/runs/batch10__Lang_1__append__lang_1f_append_line821/execution/m01.log,org.apache.commons.lang3.builder.HashCodeBuilderTest::testReflectionHashCodeExcludeFields,True,True,PASS,,,,1,19
Lang,Lang_1,batch10__Lang_1__append__lang_1f_append_line821,lang_1f_append__line821_854,append,m01,a1a696db1eca8678f032f4e7dc0443d48a1d63400fb55e9ebf9b075d79e86ad7,SUCCESS,FAIL,True,True,True,24,24,5,0,0,0,test_results.csv,harness/executions/runs/batch10__Lang_1__append__lang_1f_append_line821/execution/m01.log,org.apache.commons.lang3.builder.HashCodeBuilderTest::testReflectionHierarchyHashCode,True,True,PASS,,,,1,20
Lang,Lang_1,batch10__Lang_1__append__lang_1f_append_line821,lang_1f_append__line821_854,append,m01,a1a696db1eca8678f032f4e7dc0443d48a1d63400fb55e9ebf9b075d79e86ad7,SUCCESS,FAIL,True,True,True,24,24,5,0,0,0,test_results.csv,harness/executions/runs/batch10__Lang_1__append__lang_1f_append_line821/execution/m01.log,org.apache.commons.lang3.builder.HashCodeBuilderTest::testReflectionObjectCycle,True,True,PASS,,,,1,21
Lang,Lang_1,batch10__Lang_1__append__lang_1f_append_line821,lang_1f_append__line821_854,append,m01,a1a696db1eca8678f032f4e7dc0443d48a1d63400fb55e9ebf9b075d79e86ad7,SUCCESS,FAIL,True,True,True,24,24,5,0,0,0,test_results.csv,harness/executions/runs/batch10__Lang_1__append__lang_1f_append_line821/execution/m01.log,org.apache.commons.lang3.builder.HashCodeBuilderTest::testShortArrayAsObject,True,True,PASS,,,,1,22
Lang,Lang_1,batch10__Lang_1__append__lang_1f_append_line821,lang_1f_append__line821_854,append,m01,a1a696db1eca8678f032f4e7dc0443d48a1d63400fb55e9ebf9b075d79e86ad7,SUCCESS,FAIL,True,True,True,24,24,5,0,0,0,test_results.csv,harness/executions/runs/batch10__Lang_1__append__lang_1f_append_line821/execution/m01.log,org.apache.commons.lang3.builder.HashCodeBuilderTest::testSuper,True,True,PASS,,,,1,23
Lang,Lang_1,batch10__Lang_1__append__lang_1f_append_line821,lang_1f_append__line821_854,append,m01,a1a696db1eca8678f032f4e7dc0443d48a1d63400fb55e9ebf9b075d79e86ad7,SUCCESS,FAIL,True,True,True,24,24,5,0,0,0,test_results.csv,harness/executions/runs/batch10__Lang_1__append__lang_1f_append_line821/execution/m01.log,org.apache.commons.lang3.builder.HashCodeBuilderTest::testToHashCodeEqualsHashCode,True,True,PASS,,,,1,24
Lang,Lang_1,batch10__Lang_1__append__lang_1f_append_line821,lang_1f_append__line821_854,append,m02,88ac48ff40cc62bfa6bd3608bc65763d92c7938cd39096c0e579a80d76855893,SUCCESS,FAIL,True,True,True,24,24,8,0,0,0,test_results.csv,harness/executions/runs/batch10__Lang_1__append__lang_1f_append_line821/execution/m02.log,org.apache.commons.lang3.ArrayUtilsTest::testHashCode,True,True,PASS,,,,2,1
Lang,Lang_1,batch10__Lang_1__append__lang_1f_append_line821,lang_1f_append__line821_854,append,m02,88ac48ff40cc62bfa6bd3608bc65763d92c7938cd39096c0e579a80d76855893,SUCCESS,FAIL,True,True,True,24,24,8,0,0,0,test_results.csv,harness/executions/runs/batch10__Lang_1__append__lang_1f_append_line821/execution/m02.log,org.apache.commons.lang3.builder.HashCodeBuilderAndEqualsBuilderTest::testFixture,True,True,PASS,,,,2,2
Lang,Lang_1,batch10__Lang_1__append__lang_1f_append_line821,lang_1f_append__line821_854,append,m02,88ac48ff40cc62bfa6bd3608bc65763d92c7938cd39096c0e579a80d76855893,SUCCESS,FAIL,True,True,True,24,24,8,0,0,0,test_results.csv,harness/executions/runs/batch10__Lang_1__append__lang_1f_append_line821/execution/m02.log,org.apache.commons.lang3.builder.HashCodeBuilderAndEqualsBuilderTest::testFixtureWithTransients,True,True,PASS,,,,2,3
Lang,Lang_1,batch10__Lang_1__append__lang_1f_append_line821,lang_1f_append__line821_854,append,m02,88ac48ff40cc62bfa6bd3608bc65763d92c7938cd39096c0e579a80d76855893,SUCCESS,FAIL,True,True,True,24,24,8,0,0,0,test_results.csv,harness/executions/runs/batch10__Lang_1__append__lang_1f_append_line821/execution/m02.log,org.apache.commons.lang3.builder.HashCodeBuilderAndEqualsBuilderTest::testInteger,True,True,PASS,,,,2,4
Lang,Lang_1,batch10__Lang_1__append__lang_1f_append_line821,lang_1f_append__line821_854,append,m02,88ac48ff40cc62bfa6bd3608bc65763d92c7938cd39096c0e579a80d76855893,SUCCESS,FAIL,True,True,True,24,24,8,0,0,0,test_results.csv,harness/executions/runs/batch10__Lang_1__append__lang_1f_append_line821/execution/m02.log,org.apache.commons.lang3.builder.HashCodeBuilderAndEqualsBuilderTest::testIntegerWithTransients,True,True,PASS,,,,2,5
Lang,Lang_1,batch10__Lang_1__append__lang_1f_append_line821,lang_1f_append__line821_854,append,m02,88ac48ff40cc62bfa6bd3608bc65763d92c7938cd39096c0e579a80d76855893,SUCCESS,FAIL,True,True,True,24,24,8,0,0,0,test_results.csv,harness/executions/runs/batch10__Lang_1__append__lang_1f_append_line821/execution/m02.log,org.apache.commons.lang3.builder.HashCodeBuilderTest::testBooleanArrayAsObject,True,True,PASS,,,,2,6
Lang,Lang_1,batch10__Lang_1__append__lang_1f_append_line821,lang_1f_append__line821_854,append,m02,88ac48ff40cc62bfa6bd3608bc65763d92c7938cd39096c0e579a80d76855893,SUCCESS,FAIL,True,True,True,24,24,8,0,0,0,test_results.csv,harness/executions/runs/batch10__Lang_1__append__lang_1f_append_line821/execution/m02.log,org.apache.commons.lang3.builder.HashCodeBuilderTest::testBooleanMultiArray,True,True,PASS,,,,2,7
Lang,Lang_1,batch10__Lang_1__append__lang_1f_append_line821,lang_1f_append__line821_854,append,m02,88ac48ff40cc62bfa6bd3608bc65763d92c7938cd39096c0e579a80d76855893,SUCCESS,FAIL,True,True,True,24,24,8,0,0,0,test_results.csv,harness/executions/runs/batch10__Lang_1__append__lang_1f_append_line821/execution/m02.log,org.apache.commons.lang3.builder.HashCodeBuilderTest::testByteArrayAsObject,True,True,PASS,,,,2,8
Lang,Lang_1,batch10__Lang_1__append__lang_1f_append_line821,lang_1f_append__line821_854,append,m02,88ac48ff40cc62bfa6bd3608bc65763d92c7938cd39096c0e579a80d76855893,SUCCESS,FAIL,True,True,True,24,24,8,0,0,0,test_results.csv,harness/executions/runs/batch10__Lang_1__append__lang_1f_append_line821/execution/m02.log,org.apache.commons.lang3.builder.HashCodeBuilderTest::testCharArrayAsObject,True,True,PASS,,,,2,9
Lang,Lang_1,batch10__Lang_1__append__lang_1f_append_line821,lang_1f_append__line821_854,append,m02,88ac48ff40cc62bfa6bd3608bc65763d92c7938cd39096c0e579a80d76855893,SUCCESS,FAIL,True,True,True,24,24,8,0,0,0,test_results.csv,harness/executions/runs/batch10__Lang_1__append__lang_1f_append_line821/execution/m02.log,org.apache.commons.lang3.builder.HashCodeBuilderTest::testDoubleArrayAsObject,True,True,PASS,,,,2,10
Lang,Lang_1,batch10__Lang_1__append__lang_1f_append_line821,lang_1f_append__line821_854,append,m02,88ac48ff40cc62bfa6bd3608bc65763d92c7938cd39096c0e579a80d76855893,SUCCESS,FAIL,True,True,True,24,24,8,0,0,0,test_results.csv,harness/executions/runs/batch10__Lang_1__append__lang_1f_append_line821/execution/m02.log,org.apache.commons.lang3.builder.HashCodeBuilderTest::testFloatArrayAsObject,True,True,PASS,,,,2,11
Lang,Lang_1,batch10__Lang_1__append__lang_1f_append_line821,lang_1f_append__line821_854,append,m02,88ac48ff40cc62bfa6bd3608bc65763d92c7938cd39096c0e579a80d76855893,SUCCESS,FAIL,True,True,True,24,24,8,0,0,0,test_results.csv,harness/executions/runs/batch10__Lang_1__append__lang_1f_append_line821/execution/m02.log,org.apache.commons.lang3.builder.HashCodeBuilderTest::testIntArrayAsObject,True,True,PASS,,,,2,12
Lang,Lang_1,batch10__Lang_1__append__lang_1f_append_line821,lang_1f_append__line821_854,append,m02,88ac48ff40cc62bfa6bd3608bc65763d92c7938cd39096c0e579a80d76855893,SUCCESS,FAIL,True,True,True,24,24,8,0,0,0,test_results.csv,harness/executions/runs/batch10__Lang_1__append__lang_1f_append_line821/execution/m02.log,org.apache.commons.lang3.builder.HashCodeBuilderTest::testLongArrayAsObject,True,True,PASS,,,,2,13
Lang,Lang_1,batch10__Lang_1__append__lang_1f_append_line821,lang_1f_append__line821_854,append,m02,88ac48ff40cc62bfa6bd3608bc65763d92c7938cd39096c0e579a80d76855893,SUCCESS,FAIL,True,True,True,24,24,8,0,0,0,test_results.csv,harness/executions/runs/batch10__Lang_1__append__lang_1f_append_line821/execution/m02.log,org.apache.commons.lang3.builder.HashCodeBuilderTest::testObject,True,True,FAIL,,TEST_FAILURE,Observed in defects4j failing-tests list,2,14
Lang,Lang_1,batch10__Lang_1__append__lang_1f_append_line821,lang_1f_append__line821_854,append,m02,88ac48ff40cc62bfa6bd3608bc65763d92c7938cd39096c0e579a80d76855893,SUCCESS,FAIL,True,True,True,24,24,8,0,0,0,test_results.csv,harness/executions/runs/batch10__Lang_1__append__lang_1f_append_line821/execution/m02.log,org.apache.commons.lang3.builder.HashCodeBuilderTest::testObjectArray,True,True,FAIL,,TEST_FAILURE,Observed in defects4j failing-tests list,2,15
Lang,Lang_1,batch10__Lang_1__append__lang_1f_append_line821,lang_1f_append__line821_854,append,m02,88ac48ff40cc62bfa6bd3608bc65763d92c7938cd39096c0e579a80d76855893,SUCCESS,FAIL,True,True,True,24,24,8,0,0,0,test_results.csv,harness/executions/runs/batch10__Lang_1__append__lang_1f_append_line821/execution/m02.log,org.apache.commons.lang3.builder.HashCodeBuilderTest::testObjectArrayAsObject,True,True,FAIL,,TEST_FAILURE,Observed in defects4j failing-tests list,2,16
Lang,Lang_1,batch10__Lang_1__append__lang_1f_append_line821,lang_1f_append__line821_854,append,m02,88ac48ff40cc62bfa6bd3608bc65763d92c7938cd39096c0e579a80d76855893,SUCCESS,FAIL,True,True,True,24,24,8,0,0,0,test_results.csv,harness/executions/runs/batch10__Lang_1__append__lang_1f_append_line821/execution/m02.log,org.apache.commons.lang3.builder.HashCodeBuilderTest::testObjectBuild,True,True,FAIL,,TEST_FAILURE,Observed in defects4j failing-tests list,2,17
Lang,Lang_1,batch10__Lang_1__append__lang_1f_append_line821,lang_1f_append__line821_854,append,m02,88ac48ff40cc62bfa6bd3608bc65763d92c7938cd39096c0e579a80d76855893,SUCCESS,FAIL,True,True,True,24,24,8,0,0,0,test_results.csv,harness/executions/runs/batch10__Lang_1__append__lang_1f_append_line821/execution/m02.log,org.apache.commons.lang3.builder.HashCodeBuilderTest::testReflectionHashCode,True,True,FAIL,,TEST_FAILURE,Observed in defects4j failing-tests list,2,18
Lang,Lang_1,batch10__Lang_1__append__lang_1f_append_line821,lang_1f_append__line821_854,append,m02,88ac48ff40cc62bfa6bd3608bc65763d92c7938cd39096c0e579a80d76855893,SUCCESS,FAIL,True,True,True,24,24,8,0,0,0,test_results.csv,harness/executions/runs/batch10__Lang_1__append__lang_1f_append_line821/execution/m02.log,org.apache.commons.lang3.builder.HashCodeBuilderTest::testReflectionHashCodeExcludeFields,True,True,FAIL,,TEST_FAILURE,Observed in defects4j failing-tests list,2,19
Lang,Lang_1,batch10__Lang_1__append__lang_1f_append_line821,lang_1f_append__line821_854,append,m02,88ac48ff40cc62bfa6bd3608bc65763d92c7938cd39096c0e579a80d76855893,SUCCESS,FAIL,True,True,True,24,24,8,0,0,0,test_results.csv,harness/executions/runs/batch10__Lang_1__append__lang_1f_append_line821/execution/m02.log,org.apache.commons.lang3.builder.HashCodeBuilderTest::testReflectionHierarchyHashCode,True,True,FAIL,,TEST_FAILURE,Observed in defects4j failing-tests list,2,20
Lang,Lang_1,batch10__Lang_1__append__lang_1f_append_line821,lang_1f_append__line821_854,append,m02,88ac48ff40cc62bfa6bd3608bc65763d92c7938cd39096c0e579a80d76855893,SUCCESS,FAIL,True,True,True,24,24,8,0,0,0,test_results.csv,harness/executions/runs/batch10__Lang_1__append__lang_1f_append_line821/execution/m02.log,org.apache.commons.lang3.builder.HashCodeBuilderTest::testReflectionObjectCycle,True,True,PASS,,,,2,21
Lang,Lang_1,batch10__Lang_1__append__lang_1f_append_line821,lang_1f_append__line821_854,append,m02,88ac48ff40cc62bfa6bd3608bc65763d92c7938cd39096c0e579a80d76855893,SUCCESS,FAIL,True,True,True,24,24,8,0,0,0,test_results.csv,harness/executions/runs/batch10__Lang_1__append__lang_1f_append_line821/execution/m02.log,org.apache.commons.lang3.builder.HashCodeBuilderTest::testShortArrayAsObject,True,True,PASS,,,,2,22
Lang,Lang_1,batch10__Lang_1__append__lang_1f_append_line821,lang_1f_append__line821_854,append,m02,88ac48ff40cc62bfa6bd3608bc65763d92c7938cd39096c0e579a80d76855893,SUCCESS,FAIL,True,True,True,24,24,8,0,0,0,test_results.csv,harness/executions/runs/batch10__Lang_1__append__lang_1f_append_line821/execution/m02.log,org.apache.commons.lang3.builder.HashCodeBuilderTest::testSuper,True,True,FAIL,,TEST_FAILURE,Observed in defects4j failing-tests list,2,23
Lang,Lang_1,batch10__Lang_1__append__lang_1f_append_line821,lang_1f_append__line821_854,append,m02,88ac48ff40cc62bfa6bd3608bc65763d92c7938cd39096c0e579a80d76855893,SUCCESS,FAIL,True,True,True,24,24,8,0,0,0,test_results.csv,harness/executions/runs/batch10__Lang_1__append__lang_1f_append_line821/execution/m02.log,org.apache.commons.lang3.builder.HashCodeBuilderTest::testToHashCodeEqualsHashCode,True,True,PASS,,,,2,24
Lang,Lang_1,batch10__Lang_1__append__lang_1f_append_line821,lang_1f_append__line821_854,append,m03,da8885da322cf53b235659ceb270689bcfef344f93ee042448490950449b4ddd,SUCCESS,FAIL,True,True,True,24,24,2,0,0,0,test_results.csv,harness/executions/runs/batch10__Lang_1__append__lang_1f_append_line821/execution/m03.log,org.apache.commons.lang3.ArrayUtilsTest::testHashCode,True,True,FAIL,,TEST_FAILURE,Observed in defects4j failing-tests list,1,1
Lang,Lang_1,batch10__Lang_1__append__lang_1f_append_line821,lang_1f_append__line821_854,append,m03,da8885da322cf53b235659ceb270689bcfef344f93ee042448490950449b4ddd,SUCCESS,FAIL,True,True,True,24,24,2,0,0,0,test_results.csv,harness/executions/runs/batch10__Lang_1__append__lang_1f_append_line821/execution/m03.log,org.apache.commons.lang3.builder.HashCodeBuilderAndEqualsBuilderTest::testFixture,True,True,PASS,,,,1,2
Lang,Lang_1,batch10__Lang_1__append__lang_1f_append_line821,lang_1f_append__line821_854,append,m03,da8885da322cf53b235659ceb270689bcfef344f93ee042448490950449b4ddd,SUCCESS,FAIL,True,True,True,24,24,2,0,0,0,test_results.csv,harness/executions/runs/batch10__Lang_1__append__lang_1f_append_line821/execution/m03.log,org.apache.commons.lang3.builder.HashCodeBuilderAndEqualsBuilderTest::testFixtureWithTransients,True,True,PASS,,,,1,3
Lang,Lang_1,batch10__Lang_1__append__lang_1f_append_line821,lang_1f_append__line821_854,append,m03,da8885da322cf53b235659ceb270689bcfef344f93ee042448490950449b4ddd,SUCCESS,FAIL,True,True,True,24,24,2,0,0,0,test_results.csv,harness/executions/runs/batch10__Lang_1__append__lang_1f_append_line821/execution/m03.log,org.apache.commons.lang3.builder.HashCodeBuilderAndEqualsBuilderTest::testInteger,True,True,PASS,,,,1,4
Lang,Lang_1,batch10__Lang_1__append__lang_1f_append_line821,lang_1f_append__line821_854,append,m03,da8885da322cf53b235659ceb270689bcfef344f93ee042448490950449b4ddd,SUCCESS,FAIL,True,True,True,24,24,2,0,0,0,test_results.csv,harness/executions/runs/batch10__Lang_1__append__lang_1f_append_line821/execution/m03.log,org.apache.commons.lang3.builder.HashCodeBuilderAndEqualsBuilderTest::testIntegerWithTransients,True,True,PASS,,,,1,5
Lang,Lang_1,batch10__Lang_1__append__lang_1f_append_line821,lang_1f_append__line821_854,append,m03,da8885da322cf53b235659ceb270689bcfef344f93ee042448490950449b4ddd,SUCCESS,FAIL,True,True,True,24,24,2,0,0,0,test_results.csv,harness/executions/runs/batch10__Lang_1__append__lang_1f_append_line821/execution/m03.log,org.apache.commons.lang3.builder.HashCodeBuilderTest::testBooleanArrayAsObject,True,True,PASS,,,,1,6
Lang,Lang_1,batch10__Lang_1__append__lang_1f_append_line821,lang_1f_append__line821_854,append,m03,da8885da322cf53b235659ceb270689bcfef344f93ee042448490950449b4ddd,SUCCESS,FAIL,True,True,True,24,24,2,0,0,0,test_results.csv,harness/executions/runs/batch10__Lang_1__append__lang_1f_append_line821/execution/m03.log,org.apache.commons.lang3.builder.HashCodeBuilderTest::testBooleanMultiArray,True,True,PASS,,,,1,7
Lang,Lang_1,batch10__Lang_1__append__lang_1f_append_line821,lang_1f_append__line821_854,append,m03,da8885da322cf53b235659ceb270689bcfef344f93ee042448490950449b4ddd,SUCCESS,FAIL,True,True,True,24,24,2,0,0,0,test_results.csv,harness/executions/runs/batch10__Lang_1__append__lang_1f_append_line821/execution/m03.log,org.apache.commons.lang3.builder.HashCodeBuilderTest::testByteArrayAsObject,True,True,PASS,,,,1,8
Lang,Lang_1,batch10__Lang_1__append__lang_1f_append_line821,lang_1f_append__line821_854,append,m03,da8885da322cf53b235659ceb270689bcfef344f93ee042448490950449b4ddd,SUCCESS,FAIL,True,True,True,24,24,2,0,0,0,test_results.csv,harness/executions/runs/batch10__Lang_1__append__lang_1f_append_line821/execution/m03.log,org.apache.commons.lang3.builder.HashCodeBuilderTest::testCharArrayAsObject,True,True,PASS,,,,1,9
Lang,Lang_1,batch10__Lang_1__append__lang_1f_append_line821,lang_1f_append__line821_854,append,m03,da8885da322cf53b235659ceb270689bcfef344f93ee042448490950449b4ddd,SUCCESS,FAIL,True,True,True,24,24,2,0,0,0,test_results.csv,harness/executions/runs/batch10__Lang_1__append__lang_1f_append_line821/execution/m03.log,org.apache.commons.lang3.builder.HashCodeBuilderTest::testDoubleArrayAsObject,True,True,PASS,,,,1,10
Lang,Lang_1,batch10__Lang_1__append__lang_1f_append_line821,lang_1f_append__line821_854,append,m03,da8885da322cf53b235659ceb270689bcfef344f93ee042448490950449b4ddd,SUCCESS,FAIL,True,True,True,24,24,2,0,0,0,test_results.csv,harness/executions/runs/batch10__Lang_1__append__lang_1f_append_line821/execution/m03.log,org.apache.commons.lang3.builder.HashCodeBuilderTest::testFloatArrayAsObject,True,True,PASS,,,,1,11
Lang,Lang_1,batch10__Lang_1__append__lang_1f_append_line821,lang_1f_append__line821_854,append,m03,da8885da322cf53b235659ceb270689bcfef344f93ee042448490950449b4ddd,SUCCESS,FAIL,True,True,True,24,24,2,0,0,0,test_results.csv,harness/executions/runs/batch10__Lang_1__append__lang_1f_append_line821/execution/m03.log,org.apache.commons.lang3.builder.HashCodeBuilderTest::testIntArrayAsObject,True,True,PASS,,,,1,12
Lang,Lang_1,batch10__Lang_1__append__lang_1f_append_line821,lang_1f_append__line821_854,append,m03,da8885da322cf53b235659ceb270689bcfef344f93ee042448490950449b4ddd,SUCCESS,FAIL,True,True,True,24,24,2,0,0,0,test_results.csv,harness/executions/runs/batch10__Lang_1__append__lang_1f_append_line821/execution/m03.log,org.apache.commons.lang3.builder.HashCodeBuilderTest::testLongArrayAsObject,True,True,FAIL,,TEST_FAILURE,Observed in defects4j failing-tests list,1,13
Lang,Lang_1,batch10__Lang_1__append__lang_1f_append_line821,lang_1f_append__line821_854,append,m03,da8885da322cf53b235659ceb270689bcfef344f93ee042448490950449b4ddd,SUCCESS,FAIL,True,True,True,24,24,2,0,0,0,test_results.csv,harness/executions/runs/batch10__Lang_1__append__lang_1f_append_line821/execution/m03.log,org.apache.commons.lang3.builder.HashCodeBuilderTest::testObject,True,True,PASS,,,,1,14
Lang,Lang_1,batch10__Lang_1__append__lang_1f_append_line821,lang_1f_append__line821_854,append,m03,da8885da322cf53b235659ceb270689bcfef344f93ee042448490950449b4ddd,SUCCESS,FAIL,True,True,True,24,24,2,0,0,0,test_results.csv,harness/executions/runs/batch10__Lang_1__append__lang_1f_append_line821/execution/m03.log,org.apache.commons.lang3.builder.HashCodeBuilderTest::testObjectArray,True,True,PASS,,,,1,15
Lang,Lang_1,batch10__Lang_1__append__lang_1f_append_line821,lang_1f_append__line821_854,append,m03,da8885da322cf53b235659ceb270689bcfef344f93ee042448490950449b4ddd,SUCCESS,FAIL,True,True,True,24,24,2,0,0,0,test_results.csv,harness/executions/runs/batch10__Lang_1__append__lang_1f_append_line821/execution/m03.log,org.apache.commons.lang3.builder.HashCodeBuilderTest::testObjectArrayAsObject,True,True,PASS,,,,1,16
Lang,Lang_1,batch10__Lang_1__append__lang_1f_append_line821,lang_1f_append__line821_854,append,m03,da8885da322cf53b235659ceb270689bcfef344f93ee042448490950449b4ddd,SUCCESS,FAIL,True,True,True,24,24,2,0,0,0,test_results.csv,harness/executions/runs/batch10__Lang_1__append__lang_1f_append_line821/execution/m03.log,org.apache.commons.lang3.builder.HashCodeBuilderTest::testObjectBuild,True,True,PASS,,,,1,17
Lang,Lang_1,batch10__Lang_1__append__lang_1f_append_line821,lang_1f_append__line821_854,append,m03,da8885da322cf53b235659ceb270689bcfef344f93ee042448490950449b4ddd,SUCCESS,FAIL,True,True,True,24,24,2,0,0,0,test_results.csv,harness/executions/runs/batch10__Lang_1__append__lang_1f_append_line821/execution/m03.log,org.apache.commons.lang3.builder.HashCodeBuilderTest::testReflectionHashCode,True,True,PASS,,,,1,18
Lang,Lang_1,batch10__Lang_1__append__lang_1f_append_line821,lang_1f_append__line821_854,append,m03,da8885da322cf53b235659ceb270689bcfef344f93ee042448490950449b4ddd,SUCCESS,FAIL,True,True,True,24,24,2,0,0,0,test_results.csv,harness/executions/runs/batch10__Lang_1__append__lang_1f_append_line821/execution/m03.log,org.apache.commons.lang3.builder.HashCodeBuilderTest::testReflectionHashCodeExcludeFields,True,True,PASS,,,,1,19
Lang,Lang_1,batch10__Lang_1__append__lang_1f_append_line821,lang_1f_append__line821_854,append,m03,da8885da322cf53b235659ceb270689bcfef344f93ee042448490950449b4ddd,SUCCESS,FAIL,True,True,True,24,24,2,0,0,0,test_results.csv,harness/executions/runs/batch10__Lang_1__append__lang_1f_append_line821/execution/m03.log,org.apache.commons.lang3.builder.HashCodeBuilderTest::testReflectionHierarchyHashCode,True,True,PASS,,,,1,20
Lang,Lang_1,batch10__Lang_1__append__lang_1f_append_line821,lang_1f_append__line821_854,append,m03,da8885da322cf53b235659ceb270689bcfef344f93ee042448490950449b4ddd,SUCCESS,FAIL,True,True,True,24,24,2,0,0,0,test_results.csv,harness/executions/runs/batch10__Lang_1__append__lang_1f_append_line821/execution/m03.log,org.apache.commons.lang3.builder.HashCodeBuilderTest::testReflectionObjectCycle,True,True,PASS,,,,1,21
Lang,Lang_1,batch10__Lang_1__append__lang_1f_append_line821,lang_1f_append__line821_854,append,m03,da8885da322cf53b235659ceb270689bcfef344f93ee042448490950449b4ddd,SUCCESS,FAIL,True,True,True,24,24,2,0,0,0,test_results.csv,harness/executions/runs/batch10__Lang_1__append__lang_1f_append_line821/execution/m03.log,org.apache.commons.lang3.builder.HashCodeBuilderTest::testShortArrayAsObject,True,True,PASS,,,,1,22
Lang,Lang_1,batch10__Lang_1__append__lang_1f_append_line821,lang_1f_append__line821_854,append,m03,da8885da322cf53b235659ceb270689bcfef344f93ee042448490950449b4ddd,SUCCESS,FAIL,True,True,True,24,24,2,0,0,0,test_results.csv,harness/executions/runs/batch10__Lang_1__append__lang_1f_append_line821/execution/m03.log,org.apache.commons.lang3.builder.HashCodeBuilderTest::testSuper,True,True,PASS,,,,1,23
Lang,Lang_1,batch10__Lang_1__append__lang_1f_append_line821,lang_1f_append__line821_854,append,m03,da8885da322cf53b235659ceb270689bcfef344f93ee042448490950449b4ddd,SUCCESS,FAIL,True,True,True,24,24,2,0,0,0,test_results.csv,harness/executions/runs/batch10__Lang_1__append__lang_1f_append_line821/execution/m03.log,org.apache.commons.lang3.builder.HashCodeBuilderTest::testToHashCodeEqualsHashCode,True,True,PASS,,,,1,24
Lang,Lang_1,batch10__Lang_1__append__lang_1f_append_line821,lang_1f_append__line821_854,append,m04,62fbdef6018b03e4a0dc94c0d078dae0f8cb4d7037be96f4a406204f74271324,SUCCESS,FAIL,True,True,True,24,24,1,0,0,0,test_results.csv,harness/executions/runs/batch10__Lang_1__append__lang_1f_append_line821/execution/m04.log,org.apache.commons.lang3.ArrayUtilsTest::testHashCode,True,True,PASS,,,,2,1
Lang,Lang_1,batch10__Lang_1__append__lang_1f_append_line821,lang_1f_append__line821_854,append,m04,62fbdef6018b03e4a0dc94c0d078dae0f8cb4d7037be96f4a406204f74271324,SUCCESS,FAIL,True,True,True,24,24,1,0,0,0,test_results.csv,harness/executions/runs/batch10__Lang_1__append__lang_1f_append_line821/execution/m04.log,org.apache.commons.lang3.builder.HashCodeBuilderAndEqualsBuilderTest::testFixture,True,True,PASS,,,,2,2
Lang,Lang_1,batch10__Lang_1__append__lang_1f_append_line821,lang_1f_append__line821_854,append,m04,62fbdef6018b03e4a0dc94c0d078dae0f8cb4d7037be96f4a406204f74271324,SUCCESS,FAIL,True,True,True,24,24,1,0,0,0,test_results.csv,harness/executions/runs/batch10__Lang_1__append__lang_1f_append_line821/execution/m04.log,org.apache.commons.lang3.builder.HashCodeBuilderAndEqualsBuilderTest::testFixtureWithTransients,True,True,PASS,,,,2,3
Lang,Lang_1,batch10__Lang_1__append__lang_1f_append_line821,lang_1f_append__line821_854,append,m04,62fbdef6018b03e4a0dc94c0d078dae0f8cb4d7037be96f4a406204f74271324,SUCCESS,FAIL,True,True,True,24,24,1,0,0,0,test_results.csv,harness/executions/runs/batch10__Lang_1__append__lang_1f_append_line821/execution/m04.log,org.apache.commons.lang3.builder.HashCodeBuilderAndEqualsBuilderTest::testInteger,True,True,PASS,,,,2,4
Lang,Lang_1,batch10__Lang_1__append__lang_1f_append_line821,lang_1f_append__line821_854,append,m04,62fbdef6018b03e4a0dc94c0d078dae0f8cb4d7037be96f4a406204f74271324,SUCCESS,FAIL,True,True,True,24,24,1,0,0,0,test_results.csv,harness/executions/runs/batch10__Lang_1__append__lang_1f_append_line821/execution/m04.log,org.apache.commons.lang3.builder.HashCodeBuilderAndEqualsBuilderTest::testIntegerWithTransients,True,True,PASS,,,,2,5
Lang,Lang_1,batch10__Lang_1__append__lang_1f_append_line821,lang_1f_append__line821_854,append,m04,62fbdef6018b03e4a0dc94c0d078dae0f8cb4d7037be96f4a406204f74271324,SUCCESS,FAIL,True,True,True,24,24,1,0,0,0,test_results.csv,harness/executions/runs/batch10__Lang_1__append__lang_1f_append_line821/execution/m04.log,org.apache.commons.lang3.builder.HashCodeBuilderTest::testBooleanArrayAsObject,True,True,PASS,,,,2,6
Lang,Lang_1,batch10__Lang_1__append__lang_1f_append_line821,lang_1f_append__line821_854,append,m04,62fbdef6018b03e4a0dc94c0d078dae0f8cb4d7037be96f4a406204f74271324,SUCCESS,FAIL,True,True,True,24,24,1,0,0,0,test_results.csv,harness/executions/runs/batch10__Lang_1__append__lang_1f_append_line821/execution/m04.log,org.apache.commons.lang3.builder.HashCodeBuilderTest::testBooleanMultiArray,True,True,PASS,,,,2,7
Lang,Lang_1,batch10__Lang_1__append__lang_1f_append_line821,lang_1f_append__line821_854,append,m04,62fbdef6018b03e4a0dc94c0d078dae0f8cb4d7037be96f4a406204f74271324,SUCCESS,FAIL,True,True,True,24,24,1,0,0,0,test_results.csv,harness/executions/runs/batch10__Lang_1__append__lang_1f_append_line821/execution/m04.log,org.apache.commons.lang3.builder.HashCodeBuilderTest::testByteArrayAsObject,True,True,PASS,,,,2,8
Lang,Lang_1,batch10__Lang_1__append__lang_1f_append_line821,lang_1f_append__line821_854,append,m04,62fbdef6018b03e4a0dc94c0d078dae0f8cb4d7037be96f4a406204f74271324,SUCCESS,FAIL,True,True,True,24,24,1,0,0,0,test_results.csv,harness/executions/runs/batch10__Lang_1__append__lang_1f_append_line821/execution/m04.log,org.apache.commons.lang3.builder.HashCodeBuilderTest::testCharArrayAsObject,True,True,PASS,,,,2,9
Lang,Lang_1,batch10__Lang_1__append__lang_1f_append_line821,lang_1f_append__line821_854,append,m04,62fbdef6018b03e4a0dc94c0d078dae0f8cb4d7037be96f4a406204f74271324,SUCCESS,FAIL,True,True,True,24,24,1,0,0,0,test_results.csv,harness/executions/runs/batch10__Lang_1__append__lang_1f_append_line821/execution/m04.log,org.apache.commons.lang3.builder.HashCodeBuilderTest::testDoubleArrayAsObject,True,True,PASS,,,,2,10
Lang,Lang_1,batch10__Lang_1__append__lang_1f_append_line821,lang_1f_append__line821_854,append,m04,62fbdef6018b03e4a0dc94c0d078dae0f8cb4d7037be96f4a406204f74271324,SUCCESS,FAIL,True,True,True,24,24,1,0,0,0,test_results.csv,harness/executions/runs/batch10__Lang_1__append__lang_1f_append_line821/execution/m04.log,org.apache.commons.lang3.builder.HashCodeBuilderTest::testFloatArrayAsObject,True,True,PASS,,,,2,11
Lang,Lang_1,batch10__Lang_1__append__lang_1f_append_line821,lang_1f_append__line821_854,append,m04,62fbdef6018b03e4a0dc94c0d078dae0f8cb4d7037be96f4a406204f74271324,SUCCESS,FAIL,True,True,True,24,24,1,0,0,0,test_results.csv,harness/executions/runs/batch10__Lang_1__append__lang_1f_append_line821/execution/m04.log,org.apache.commons.lang3.builder.HashCodeBuilderTest::testIntArrayAsObject,True,True,FAIL,,TEST_FAILURE,Observed in defects4j failing-tests list,2,12
Lang,Lang_1,batch10__Lang_1__append__lang_1f_append_line821,lang_1f_append__line821_854,append,m04,62fbdef6018b03e4a0dc94c0d078dae0f8cb4d7037be96f4a406204f74271324,SUCCESS,FAIL,True,True,True,24,24,1,0,0,0,test_results.csv,harness/executions/runs/batch10__Lang_1__append__lang_1f_append_line821/execution/m04.log,org.apache.commons.lang3.builder.HashCodeBuilderTest::testLongArrayAsObject,True,True,PASS,,,,2,13
Lang,Lang_1,batch10__Lang_1__append__lang_1f_append_line821,lang_1f_append__line821_854,append,m04,62fbdef6018b03e4a0dc94c0d078dae0f8cb4d7037be96f4a406204f74271324,SUCCESS,FAIL,True,True,True,24,24,1,0,0,0,test_results.csv,harness/executions/runs/batch10__Lang_1__append__lang_1f_append_line821/execution/m04.log,org.apache.commons.lang3.builder.HashCodeBuilderTest::testObject,True,True,PASS,,,,2,14
Lang,Lang_1,batch10__Lang_1__append__lang_1f_append_line821,lang_1f_append__line821_854,append,m04,62fbdef6018b03e4a0dc94c0d078dae0f8cb4d7037be96f4a406204f74271324,SUCCESS,FAIL,True,True,True,24,24,1,0,0,0,test_results.csv,harness/executions/runs/batch10__Lang_1__append__lang_1f_append_line821/execution/m04.log,org.apache.commons.lang3.builder.HashCodeBuilderTest::testObjectArray,True,True,PASS,,,,2,15
Lang,Lang_1,batch10__Lang_1__append__lang_1f_append_line821,lang_1f_append__line821_854,append,m04,62fbdef6018b03e4a0dc94c0d078dae0f8cb4d7037be96f4a406204f74271324,SUCCESS,FAIL,True,True,True,24,24,1,0,0,0,test_results.csv,harness/executions/runs/batch10__Lang_1__append__lang_1f_append_line821/execution/m04.log,org.apache.commons.lang3.builder.HashCodeBuilderTest::testObjectArrayAsObject,True,True,PASS,,,,2,16
Lang,Lang_1,batch10__Lang_1__append__lang_1f_append_line821,lang_1f_append__line821_854,append,m04,62fbdef6018b03e4a0dc94c0d078dae0f8cb4d7037be96f4a406204f74271324,SUCCESS,FAIL,True,True,True,24,24,1,0,0,0,test_results.csv,harness/executions/runs/batch10__Lang_1__append__lang_1f_append_line821/execution/m04.log,org.apache.commons.lang3.builder.HashCodeBuilderTest::testObjectBuild,True,True,PASS,,,,2,17
Lang,Lang_1,batch10__Lang_1__append__lang_1f_append_line821,lang_1f_append__line821_854,append,m04,62fbdef6018b03e4a0dc94c0d078dae0f8cb4d7037be96f4a406204f74271324,SUCCESS,FAIL,True,True,True,24,24,1,0,0,0,test_results.csv,harness/executions/runs/batch10__Lang_1__append__lang_1f_append_line821/execution/m04.log,org.apache.commons.lang3.builder.HashCodeBuilderTest::testReflectionHashCode,True,True,PASS,,,,2,18
Lang,Lang_1,batch10__Lang_1__append__lang_1f_append_line821,lang_1f_append__line821_854,append,m04,62fbdef6018b03e4a0dc94c0d078dae0f8cb4d7037be96f4a406204f74271324,SUCCESS,FAIL,True,True,True,24,24,1,0,0,0,test_results.csv,harness/executions/runs/batch10__Lang_1__append__lang_1f_append_line821/execution/m04.log,org.apache.commons.lang3.builder.HashCodeBuilderTest::testReflectionHashCodeExcludeFields,True,True,PASS,,,,2,19
Lang,Lang_1,batch10__Lang_1__append__lang_1f_append_line821,lang_1f_append__line821_854,append,m04,62fbdef6018b03e4a0dc94c0d078dae0f8cb4d7037be96f4a406204f74271324,SUCCESS,FAIL,True,True,True,24,24,1,0,0,0,test_results.csv,harness/executions/runs/batch10__Lang_1__append__lang_1f_append_line821/execution/m04.log,org.apache.commons.lang3.builder.HashCodeBuilderTest::testReflectionHierarchyHashCode,True,True,PASS,,,,2,20
Lang,Lang_1,batch10__Lang_1__append__lang_1f_append_line821,lang_1f_append__line821_854,append,m04,62fbdef6018b03e4a0dc94c0d078dae0f8cb4d7037be96f4a406204f74271324,SUCCESS,FAIL,True,True,True,24,24,1,0,0,0,test_results.csv,harness/executions/runs/batch10__Lang_1__append__lang_1f_append_line821/execution/m04.log,org.apache.commons.lang3.builder.HashCodeBuilderTest::testReflectionObjectCycle,True,True,PASS,,,,2,21
Lang,Lang_1,batch10__Lang_1__append__lang_1f_append_line821,lang_1f_append__line821_854,append,m04,62fbdef6018b03e4a0dc94c0d078dae0f8cb4d7037be96f4a406204f74271324,SUCCESS,FAIL,True,True,True,24,24,1,0,0,0,test_results.csv,harness/executions/runs/batch10__Lang_1__append__lang_1f_append_line821/execution/m04.log,org.apache.commons.lang3.builder.HashCodeBuilderTest::testShortArrayAsObject,True,True,PASS,,,,2,22
Lang,Lang_1,batch10__Lang_1__append__lang_1f_append_line821,lang_1f_append__line821_854,append,m04,62fbdef6018b03e4a0dc94c0d078dae0f8cb4d7037be96f4a406204f74271324,SUCCESS,FAIL,True,True,True,24,24,1,0,0,0,test_results.csv,harness/executions/runs/batch10__Lang_1__append__lang_1f_append_line821/execution/m04.log,org.apache.commons.lang3.builder.HashCodeBuilderTest::testSuper,True,True,PASS,,,,2,23
Lang,Lang_1,batch10__Lang_1__append__lang_1f_append_line821,lang_1f_append__line821_854,append,m04,62fbdef6018b03e4a0dc94c0d078dae0f8cb4d7037be96f4a406204f74271324,SUCCESS,FAIL,True,True,True,24,24,1,0,0,0,test_results.csv,harness/executions/runs/batch10__Lang_1__append__lang_1f_append_line821/execution/m04.log,org.apache.commons.lang3.builder.HashCodeBuilderTest::testToHashCodeEqualsHashCode,True,True,PASS,,,,2,24
Lang,Lang_1,batch10__Lang_1__append__lang_1f_append_line821,lang_1f_append__line821_854,append,m05,9b0c10f328da487424990b523eb6545cb98151f002058f2912a8c5114a731688,SUCCESS,FAIL,True,True,True,24,24,1,0,0,0,test_results.csv,harness/executions/runs/batch10__Lang_1__append__lang_1f_append_line821/execution/m05.log,org.apache.commons.lang3.ArrayUtilsTest::testHashCode,True,True,PASS,,,,1,1
Lang,Lang_1,batch10__Lang_1__append__lang_1f_append_line821,lang_1f_append__line821_854,append,m05,9b0c10f328da487424990b523eb6545cb98151f002058f2912a8c5114a731688,SUCCESS,FAIL,True,True,True,24,24,1,0,0,0,test_results.csv,harness/executions/runs/batch10__Lang_1__append__lang_1f_append_line821/execution/m05.log,org.apache.commons.lang3.builder.HashCodeBuilderAndEqualsBuilderTest::testFixture,True,True,PASS,,,,1,2
Lang,Lang_1,batch10__Lang_1__append__lang_1f_append_line821,lang_1f_append__line821_854,append,m05,9b0c10f328da487424990b523eb6545cb98151f002058f2912a8c5114a731688,SUCCESS,FAIL,True,True,True,24,24,1,0,0,0,test_results.csv,harness/executions/runs/batch10__Lang_1__append__lang_1f_append_line821/execution/m05.log,org.apache.commons.lang3.builder.HashCodeBuilderAndEqualsBuilderTest::testFixtureWithTransients,True,True,PASS,,,,1,3
Lang,Lang_1,batch10__Lang_1__append__lang_1f_append_line821,lang_1f_append__line821_854,append,m05,9b0c10f328da487424990b523eb6545cb98151f002058f2912a8c5114a731688,SUCCESS,FAIL,True,True,True,24,24,1,0,0,0,test_results.csv,harness/executions/runs/batch10__Lang_1__append__lang_1f_append_line821/execution/m05.log,org.apache.commons.lang3.builder.HashCodeBuilderAndEqualsBuilderTest::testInteger,True,True,PASS,,,,1,4
Lang,Lang_1,batch10__Lang_1__append__lang_1f_append_line821,lang_1f_append__line821_854,append,m05,9b0c10f328da487424990b523eb6545cb98151f002058f2912a8c5114a731688,SUCCESS,FAIL,True,True,True,24,24,1,0,0,0,test_results.csv,harness/executions/runs/batch10__Lang_1__append__lang_1f_append_line821/execution/m05.log,org.apache.commons.lang3.builder.HashCodeBuilderAndEqualsBuilderTest::testIntegerWithTransients,True,True,PASS,,,,1,5
Lang,Lang_1,batch10__Lang_1__append__lang_1f_append_line821,lang_1f_append__line821_854,append,m05,9b0c10f328da487424990b523eb6545cb98151f002058f2912a8c5114a731688,SUCCESS,FAIL,True,True,True,24,24,1,0,0,0,test_results.csv,harness/executions/runs/batch10__Lang_1__append__lang_1f_append_line821/execution/m05.log,org.apache.commons.lang3.builder.HashCodeBuilderTest::testBooleanArrayAsObject,True,True,PASS,,,,1,6
Lang,Lang_1,batch10__Lang_1__append__lang_1f_append_line821,lang_1f_append__line821_854,append,m05,9b0c10f328da487424990b523eb6545cb98151f002058f2912a8c5114a731688,SUCCESS,FAIL,True,True,True,24,24,1,0,0,0,test_results.csv,harness/executions/runs/batch10__Lang_1__append__lang_1f_append_line821/execution/m05.log,org.apache.commons.lang3.builder.HashCodeBuilderTest::testBooleanMultiArray,True,True,PASS,,,,1,7
Lang,Lang_1,batch10__Lang_1__append__lang_1f_append_line821,lang_1f_append__line821_854,append,m05,9b0c10f328da487424990b523eb6545cb98151f002058f2912a8c5114a731688,SUCCESS,FAIL,True,True,True,24,24,1,0,0,0,test_results.csv,harness/executions/runs/batch10__Lang_1__append__lang_1f_append_line821/execution/m05.log,org.apache.commons.lang3.builder.HashCodeBuilderTest::testByteArrayAsObject,True,True,PASS,,,,1,8
Lang,Lang_1,batch10__Lang_1__append__lang_1f_append_line821,lang_1f_append__line821_854,append,m05,9b0c10f328da487424990b523eb6545cb98151f002058f2912a8c5114a731688,SUCCESS,FAIL,True,True,True,24,24,1,0,0,0,test_results.csv,harness/executions/runs/batch10__Lang_1__append__lang_1f_append_line821/execution/m05.log,org.apache.commons.lang3.builder.HashCodeBuilderTest::testCharArrayAsObject,True,True,PASS,,,,1,9
Lang,Lang_1,batch10__Lang_1__append__lang_1f_append_line821,lang_1f_append__line821_854,append,m05,9b0c10f328da487424990b523eb6545cb98151f002058f2912a8c5114a731688,SUCCESS,FAIL,True,True,True,24,24,1,0,0,0,test_results.csv,harness/executions/runs/batch10__Lang_1__append__lang_1f_append_line821/execution/m05.log,org.apache.commons.lang3.builder.HashCodeBuilderTest::testDoubleArrayAsObject,True,True,PASS,,,,1,10
Lang,Lang_1,batch10__Lang_1__append__lang_1f_append_line821,lang_1f_append__line821_854,append,m05,9b0c10f328da487424990b523eb6545cb98151f002058f2912a8c5114a731688,SUCCESS,FAIL,True,True,True,24,24,1,0,0,0,test_results.csv,harness/executions/runs/batch10__Lang_1__append__lang_1f_append_line821/execution/m05.log,org.apache.commons.lang3.builder.HashCodeBuilderTest::testFloatArrayAsObject,True,True,PASS,,,,1,11
Lang,Lang_1,batch10__Lang_1__append__lang_1f_append_line821,lang_1f_append__line821_854,append,m05,9b0c10f328da487424990b523eb6545cb98151f002058f2912a8c5114a731688,SUCCESS,FAIL,True,True,True,24,24,1,0,0,0,test_results.csv,harness/executions/runs/batch10__Lang_1__append__lang_1f_append_line821/execution/m05.log,org.apache.commons.lang3.builder.HashCodeBuilderTest::testIntArrayAsObject,True,True,PASS,,,,1,12
Lang,Lang_1,batch10__Lang_1__append__lang_1f_append_line821,lang_1f_append__line821_854,append,m05,9b0c10f328da487424990b523eb6545cb98151f002058f2912a8c5114a731688,SUCCESS,FAIL,True,True,True,24,24,1,0,0,0,test_results.csv,harness/executions/runs/batch10__Lang_1__append__lang_1f_append_line821/execution/m05.log,org.apache.commons.lang3.builder.HashCodeBuilderTest::testLongArrayAsObject,True,True,PASS,,,,1,13
Lang,Lang_1,batch10__Lang_1__append__lang_1f_append_line821,lang_1f_append__line821_854,append,m05,9b0c10f328da487424990b523eb6545cb98151f002058f2912a8c5114a731688,SUCCESS,FAIL,True,True,True,24,24,1,0,0,0,test_results.csv,harness/executions/runs/batch10__Lang_1__append__lang_1f_append_line821/execution/m05.log,org.apache.commons.lang3.builder.HashCodeBuilderTest::testObject,True,True,PASS,,,,1,14
Lang,Lang_1,batch10__Lang_1__append__lang_1f_append_line821,lang_1f_append__line821_854,append,m05,9b0c10f328da487424990b523eb6545cb98151f002058f2912a8c5114a731688,SUCCESS,FAIL,True,True,True,24,24,1,0,0,0,test_results.csv,harness/executions/runs/batch10__Lang_1__append__lang_1f_append_line821/execution/m05.log,org.apache.commons.lang3.builder.HashCodeBuilderTest::testObjectArray,True,True,PASS,,,,1,15
Lang,Lang_1,batch10__Lang_1__append__lang_1f_append_line821,lang_1f_append__line821_854,append,m05,9b0c10f328da487424990b523eb6545cb98151f002058f2912a8c5114a731688,SUCCESS,FAIL,True,True,True,24,24,1,0,0,0,test_results.csv,harness/executions/runs/batch10__Lang_1__append__lang_1f_append_line821/execution/m05.log,org.apache.commons.lang3.builder.HashCodeBuilderTest::testObjectArrayAsObject,True,True,PASS,,,,1,16
Lang,Lang_1,batch10__Lang_1__append__lang_1f_append_line821,lang_1f_append__line821_854,append,m05,9b0c10f328da487424990b523eb6545cb98151f002058f2912a8c5114a731688,SUCCESS,FAIL,True,True,True,24,24,1,0,0,0,test_results.csv,harness/executions/runs/batch10__Lang_1__append__lang_1f_append_line821/execution/m05.log,org.apache.commons.lang3.builder.HashCodeBuilderTest::testObjectBuild,True,True,PASS,,,,1,17
Lang,Lang_1,batch10__Lang_1__append__lang_1f_append_line821,lang_1f_append__line821_854,append,m05,9b0c10f328da487424990b523eb6545cb98151f002058f2912a8c5114a731688,SUCCESS,FAIL,True,True,True,24,24,1,0,0,0,test_results.csv,harness/executions/runs/batch10__Lang_1__append__lang_1f_append_line821/execution/m05.log,org.apache.commons.lang3.builder.HashCodeBuilderTest::testReflectionHashCode,True,True,PASS,,,,1,18
Lang,Lang_1,batch10__Lang_1__append__lang_1f_append_line821,lang_1f_append__line821_854,append,m05,9b0c10f328da487424990b523eb6545cb98151f002058f2912a8c5114a731688,SUCCESS,FAIL,True,True,True,24,24,1,0,0,0,test_results.csv,harness/executions/runs/batch10__Lang_1__append__lang_1f_append_line821/execution/m05.log,org.apache.commons.lang3.builder.HashCodeBuilderTest::testReflectionHashCodeExcludeFields,True,True,PASS,,,,1,19
Lang,Lang_1,batch10__Lang_1__append__lang_1f_append_line821,lang_1f_append__line821_854,append,m05,9b0c10f328da487424990b523eb6545cb98151f002058f2912a8c5114a731688,SUCCESS,FAIL,True,True,True,24,24,1,0,0,0,test_results.csv,harness/executions/runs/batch10__Lang_1__append__lang_1f_append_line821/execution/m05.log,org.apache.commons.lang3.builder.HashCodeBuilderTest::testReflectionHierarchyHashCode,True,True,PASS,,,,1,20
Lang,Lang_1,batch10__Lang_1__append__lang_1f_append_line821,lang_1f_append__line821_854,append,m05,9b0c10f328da487424990b523eb6545cb98151f002058f2912a8c5114a731688,SUCCESS,FAIL,True,True,True,24,24,1,0,0,0,test_results.csv,harness/executions/runs/batch10__Lang_1__append__lang_1f_append_line821/execution/m05.log,org.apache.commons.lang3.builder.HashCodeBuilderTest::testReflectionObjectCycle,True,True,PASS,,,,1,21
Lang,Lang_1,batch10__Lang_1__append__lang_1f_append_line821,lang_1f_append__line821_854,append,m05,9b0c10f328da487424990b523eb6545cb98151f002058f2912a8c5114a731688,SUCCESS,FAIL,True,True,True,24,24,1,0,0,0,test_results.csv,harness/executions/runs/batch10__Lang_1__append__lang_1f_append_line821/execution/m05.log,org.apache.commons.lang3.builder.HashCodeBuilderTest::testShortArrayAsObject,True,True,FAIL,,TEST_FAILURE,Observed in defects4j failing-tests list,1,22
Lang,Lang_1,batch10__Lang_1__append__lang_1f_append_line821,lang_1f_append__line821_854,append,m05,9b0c10f328da487424990b523eb6545cb98151f002058f2912a8c5114a731688,SUCCESS,FAIL,True,True,True,24,24,1,0,0,0,test_results.csv,harness/executions/runs/batch10__Lang_1__append__lang_1f_append_line821/execution/m05.log,org.apache.commons.lang3.builder.HashCodeBuilderTest::testSuper,True,True,PASS,,,,1,23
Lang,Lang_1,batch10__Lang_1__append__lang_1f_append_line821,lang_1f_append__line821_854,append,m05,9b0c10f328da487424990b523eb6545cb98151f002058f2912a8c5114a731688,SUCCESS,FAIL,True,True,True,24,24,1,0,0,0,test_results.csv,harness/executions/runs/batch10__Lang_1__append__lang_1f_append_line821/execution/m05.log,org.apache.commons.lang3.builder.HashCodeBuilderTest::testToHashCodeEqualsHashCode,True,True,PASS,,,,1,24
Lang,Lang_1,batch10__Lang_1__append__lang_1f_append_line821,lang_1f_append__line821_854,append,m06,9ec24dc9e17ff5d9122266a4adb2d9b87a55bdc06c76edbfde1f29ef61341844,SUCCESS,FAIL,True,True,True,24,24,1,0,0,0,test_results.csv,harness/executions/runs/batch10__Lang_1__append__lang_1f_append_line821/execution/m06.log,org.apache.commons.lang3.ArrayUtilsTest::testHashCode,True,True,PASS,,,,2,1
Lang,Lang_1,batch10__Lang_1__append__lang_1f_append_line821,lang_1f_append__line821_854,append,m06,9ec24dc9e17ff5d9122266a4adb2d9b87a55bdc06c76edbfde1f29ef61341844,SUCCESS,FAIL,True,True,True,24,24,1,0,0,0,test_results.csv,harness/executions/runs/batch10__Lang_1__append__lang_1f_append_line821/execution/m06.log,org.apache.commons.lang3.builder.HashCodeBuilderAndEqualsBuilderTest::testFixture,True,True,PASS,,,,2,2
Lang,Lang_1,batch10__Lang_1__append__lang_1f_append_line821,lang_1f_append__line821_854,append,m06,9ec24dc9e17ff5d9122266a4adb2d9b87a55bdc06c76edbfde1f29ef61341844,SUCCESS,FAIL,True,True,True,24,24,1,0,0,0,test_results.csv,harness/executions/runs/batch10__Lang_1__append__lang_1f_append_line821/execution/m06.log,org.apache.commons.lang3.builder.HashCodeBuilderAndEqualsBuilderTest::testFixtureWithTransients,True,True,PASS,,,,2,3
Lang,Lang_1,batch10__Lang_1__append__lang_1f_append_line821,lang_1f_append__line821_854,append,m06,9ec24dc9e17ff5d9122266a4adb2d9b87a55bdc06c76edbfde1f29ef61341844,SUCCESS,FAIL,True,True,True,24,24,1,0,0,0,test_results.csv,harness/executions/runs/batch10__Lang_1__append__lang_1f_append_line821/execution/m06.log,org.apache.commons.lang3.builder.HashCodeBuilderAndEqualsBuilderTest::testInteger,True,True,PASS,,,,2,4
Lang,Lang_1,batch10__Lang_1__append__lang_1f_append_line821,lang_1f_append__line821_854,append,m06,9ec24dc9e17ff5d9122266a4adb2d9b87a55bdc06c76edbfde1f29ef61341844,SUCCESS,FAIL,True,True,True,24,24,1,0,0,0,test_results.csv,harness/executions/runs/batch10__Lang_1__append__lang_1f_append_line821/execution/m06.log,org.apache.commons.lang3.builder.HashCodeBuilderAndEqualsBuilderTest::testIntegerWithTransients,True,True,PASS,,,,2,5
Lang,Lang_1,batch10__Lang_1__append__lang_1f_append_line821,lang_1f_append__line821_854,append,m06,9ec24dc9e17ff5d9122266a4adb2d9b87a55bdc06c76edbfde1f29ef61341844,SUCCESS,FAIL,True,True,True,24,24,1,0,0,0,test_results.csv,harness/executions/runs/batch10__Lang_1__append__lang_1f_append_line821/execution/m06.log,org.apache.commons.lang3.builder.HashCodeBuilderTest::testBooleanArrayAsObject,True,True,PASS,,,,2,6
Lang,Lang_1,batch10__Lang_1__append__lang_1f_append_line821,lang_1f_append__line821_854,append,m06,9ec24dc9e17ff5d9122266a4adb2d9b87a55bdc06c76edbfde1f29ef61341844,SUCCESS,FAIL,True,True,True,24,24,1,0,0,0,test_results.csv,harness/executions/runs/batch10__Lang_1__append__lang_1f_append_line821/execution/m06.log,org.apache.commons.lang3.builder.HashCodeBuilderTest::testBooleanMultiArray,True,True,PASS,,,,2,7
Lang,Lang_1,batch10__Lang_1__append__lang_1f_append_line821,lang_1f_append__line821_854,append,m06,9ec24dc9e17ff5d9122266a4adb2d9b87a55bdc06c76edbfde1f29ef61341844,SUCCESS,FAIL,True,True,True,24,24,1,0,0,0,test_results.csv,harness/executions/runs/batch10__Lang_1__append__lang_1f_append_line821/execution/m06.log,org.apache.commons.lang3.builder.HashCodeBuilderTest::testByteArrayAsObject,True,True,PASS,,,,2,8
Lang,Lang_1,batch10__Lang_1__append__lang_1f_append_line821,lang_1f_append__line821_854,append,m06,9ec24dc9e17ff5d9122266a4adb2d9b87a55bdc06c76edbfde1f29ef61341844,SUCCESS,FAIL,True,True,True,24,24,1,0,0,0,test_results.csv,harness/executions/runs/batch10__Lang_1__append__lang_1f_append_line821/execution/m06.log,org.apache.commons.lang3.builder.HashCodeBuilderTest::testCharArrayAsObject,True,True,FAIL,,TEST_FAILURE,Observed in defects4j failing-tests list,2,9
Lang,Lang_1,batch10__Lang_1__append__lang_1f_append_line821,lang_1f_append__line821_854,append,m06,9ec24dc9e17ff5d9122266a4adb2d9b87a55bdc06c76edbfde1f29ef61341844,SUCCESS,FAIL,True,True,True,24,24,1,0,0,0,test_results.csv,harness/executions/runs/batch10__Lang_1__append__lang_1f_append_line821/execution/m06.log,org.apache.commons.lang3.builder.HashCodeBuilderTest::testDoubleArrayAsObject,True,True,PASS,,,,2,10
Lang,Lang_1,batch10__Lang_1__append__lang_1f_append_line821,lang_1f_append__line821_854,append,m06,9ec24dc9e17ff5d9122266a4adb2d9b87a55bdc06c76edbfde1f29ef61341844,SUCCESS,FAIL,True,True,True,24,24,1,0,0,0,test_results.csv,harness/executions/runs/batch10__Lang_1__append__lang_1f_append_line821/execution/m06.log,org.apache.commons.lang3.builder.HashCodeBuilderTest::testFloatArrayAsObject,True,True,PASS,,,,2,11
Lang,Lang_1,batch10__Lang_1__append__lang_1f_append_line821,lang_1f_append__line821_854,append,m06,9ec24dc9e17ff5d9122266a4adb2d9b87a55bdc06c76edbfde1f29ef61341844,SUCCESS,FAIL,True,True,True,24,24,1,0,0,0,test_results.csv,harness/executions/runs/batch10__Lang_1__append__lang_1f_append_line821/execution/m06.log,org.apache.commons.lang3.builder.HashCodeBuilderTest::testIntArrayAsObject,True,True,PASS,,,,2,12
Lang,Lang_1,batch10__Lang_1__append__lang_1f_append_line821,lang_1f_append__line821_854,append,m06,9ec24dc9e17ff5d9122266a4adb2d9b87a55bdc06c76edbfde1f29ef61341844,SUCCESS,FAIL,True,True,True,24,24,1,0,0,0,test_results.csv,harness/executions/runs/batch10__Lang_1__append__lang_1f_append_line821/execution/m06.log,org.apache.commons.lang3.builder.HashCodeBuilderTest::testLongArrayAsObject,True,True,PASS,,,,2,13
Lang,Lang_1,batch10__Lang_1__append__lang_1f_append_line821,lang_1f_append__line821_854,append,m06,9ec24dc9e17ff5d9122266a4adb2d9b87a55bdc06c76edbfde1f29ef61341844,SUCCESS,FAIL,True,True,True,24,24,1,0,0,0,test_results.csv,harness/executions/runs/batch10__Lang_1__append__lang_1f_append_line821/execution/m06.log,org.apache.commons.lang3.builder.HashCodeBuilderTest::testObject,True,True,PASS,,,,2,14
Lang,Lang_1,batch10__Lang_1__append__lang_1f_append_line821,lang_1f_append__line821_854,append,m06,9ec24dc9e17ff5d9122266a4adb2d9b87a55bdc06c76edbfde1f29ef61341844,SUCCESS,FAIL,True,True,True,24,24,1,0,0,0,test_results.csv,harness/executions/runs/batch10__Lang_1__append__lang_1f_append_line821/execution/m06.log,org.apache.commons.lang3.builder.HashCodeBuilderTest::testObjectArray,True,True,PASS,,,,2,15
Lang,Lang_1,batch10__Lang_1__append__lang_1f_append_line821,lang_1f_append__line821_854,append,m06,9ec24dc9e17ff5d9122266a4adb2d9b87a55bdc06c76edbfde1f29ef61341844,SUCCESS,FAIL,True,True,True,24,24,1,0,0,0,test_results.csv,harness/executions/runs/batch10__Lang_1__append__lang_1f_append_line821/execution/m06.log,org.apache.commons.lang3.builder.HashCodeBuilderTest::testObjectArrayAsObject,True,True,PASS,,,,2,16
Lang,Lang_1,batch10__Lang_1__append__lang_1f_append_line821,lang_1f_append__line821_854,append,m06,9ec24dc9e17ff5d9122266a4adb2d9b87a55bdc06c76edbfde1f29ef61341844,SUCCESS,FAIL,True,True,True,24,24,1,0,0,0,test_results.csv,harness/executions/runs/batch10__Lang_1__append__lang_1f_append_line821/execution/m06.log,org.apache.commons.lang3.builder.HashCodeBuilderTest::testObjectBuild,True,True,PASS,,,,2,17
Lang,Lang_1,batch10__Lang_1__append__lang_1f_append_line821,lang_1f_append__line821_854,append,m06,9ec24dc9e17ff5d9122266a4adb2d9b87a55bdc06c76edbfde1f29ef61341844,SUCCESS,FAIL,True,True,True,24,24,1,0,0,0,test_results.csv,harness/executions/runs/batch10__Lang_1__append__lang_1f_append_line821/execution/m06.log,org.apache.commons.lang3.builder.HashCodeBuilderTest::testReflectionHashCode,True,True,PASS,,,,2,18
Lang,Lang_1,batch10__Lang_1__append__lang_1f_append_line821,lang_1f_append__line821_854,append,m06,9ec24dc9e17ff5d9122266a4adb2d9b87a55bdc06c76edbfde1f29ef61341844,SUCCESS,FAIL,True,True,True,24,24,1,0,0,0,test_results.csv,harness/executions/runs/batch10__Lang_1__append__lang_1f_append_line821/execution/m06.log,org.apache.commons.lang3.builder.HashCodeBuilderTest::testReflectionHashCodeExcludeFields,True,True,PASS,,,,2,19
Lang,Lang_1,batch10__Lang_1__append__lang_1f_append_line821,lang_1f_append__line821_854,append,m06,9ec24dc9e17ff5d9122266a4adb2d9b87a55bdc06c76edbfde1f29ef61341844,SUCCESS,FAIL,True,True,True,24,24,1,0,0,0,test_results.csv,harness/executions/runs/batch10__Lang_1__append__lang_1f_append_line821/execution/m06.log,org.apache.commons.lang3.builder.HashCodeBuilderTest::testReflectionHierarchyHashCode,True,True,PASS,,,,2,20
Lang,Lang_1,batch10__Lang_1__append__lang_1f_append_line821,lang_1f_append__line821_854,append,m06,9ec24dc9e17ff5d9122266a4adb2d9b87a55bdc06c76edbfde1f29ef61341844,SUCCESS,FAIL,True,True,True,24,24,1,0,0,0,test_results.csv,harness/executions/runs/batch10__Lang_1__append__lang_1f_append_line821/execution/m06.log,org.apache.commons.lang3.builder.HashCodeBuilderTest::testReflectionObjectCycle,True,True,PASS,,,,2,21
Lang,Lang_1,batch10__Lang_1__append__lang_1f_append_line821,lang_1f_append__line821_854,append,m06,9ec24dc9e17ff5d9122266a4adb2d9b87a55bdc06c76edbfde1f29ef61341844,SUCCESS,FAIL,True,True,True,24,24,1,0,0,0,test_results.csv,harness/executions/runs/batch10__Lang_1__append__lang_1f_append_line821/execution/m06.log,org.apache.commons.lang3.builder.HashCodeBuilderTest::testShortArrayAsObject,True,True,PASS,,,,2,22
Lang,Lang_1,batch10__Lang_1__append__lang_1f_append_line821,lang_1f_append__line821_854,append,m06,9ec24dc9e17ff5d9122266a4adb2d9b87a55bdc06c76edbfde1f29ef61341844,SUCCESS,FAIL,True,True,True,24,24,1,0,0,0,test_results.csv,harness/executions/runs/batch10__Lang_1__append__lang_1f_append_line821/execution/m06.log,org.apache.commons.lang3.builder.HashCodeBuilderTest::testSuper,True,True,PASS,,,,2,23
Lang,Lang_1,batch10__Lang_1__append__lang_1f_append_line821,lang_1f_append__line821_854,append,m06,9ec24dc9e17ff5d9122266a4adb2d9b87a55bdc06c76edbfde1f29ef61341844,SUCCESS,FAIL,True,True,True,24,24,1,0,0,0,test_results.csv,harness/executions/runs/batch10__Lang_1__append__lang_1f_append_line821/execution/m06.log,org.apache.commons.lang3.builder.HashCodeBuilderTest::testToHashCodeEqualsHashCode,True,True,PASS,,,,2,24
Lang,Lang_1,batch10__Lang_1__append__lang_1f_append_line821,lang_1f_append__line821_854,append,m07,fac447e771a5b8629574418fb1fa8a4059417aedbff1d549894df7c5a16cf622,SUCCESS,FAIL,True,True,True,24,24,1,0,0,0,test_results.csv,harness/executions/runs/batch10__Lang_1__append__lang_1f_append_line821/execution/m07.log,org.apache.commons.lang3.ArrayUtilsTest::testHashCode,True,True,PASS,,,,1,1
Lang,Lang_1,batch10__Lang_1__append__lang_1f_append_line821,lang_1f_append__line821_854,append,m07,fac447e771a5b8629574418fb1fa8a4059417aedbff1d549894df7c5a16cf622,SUCCESS,FAIL,True,True,True,24,24,1,0,0,0,test_results.csv,harness/executions/runs/batch10__Lang_1__append__lang_1f_append_line821/execution/m07.log,org.apache.commons.lang3.builder.HashCodeBuilderAndEqualsBuilderTest::testFixture,True,True,PASS,,,,1,2
Lang,Lang_1,batch10__Lang_1__append__lang_1f_append_line821,lang_1f_append__line821_854,append,m07,fac447e771a5b8629574418fb1fa8a4059417aedbff1d549894df7c5a16cf622,SUCCESS,FAIL,True,True,True,24,24,1,0,0,0,test_results.csv,harness/executions/runs/batch10__Lang_1__append__lang_1f_append_line821/execution/m07.log,org.apache.commons.lang3.builder.HashCodeBuilderAndEqualsBuilderTest::testFixtureWithTransients,True,True,PASS,,,,1,3
Lang,Lang_1,batch10__Lang_1__append__lang_1f_append_line821,lang_1f_append__line821_854,append,m07,fac447e771a5b8629574418fb1fa8a4059417aedbff1d549894df7c5a16cf622,SUCCESS,FAIL,True,True,True,24,24,1,0,0,0,test_results.csv,harness/executions/runs/batch10__Lang_1__append__lang_1f_append_line821/execution/m07.log,org.apache.commons.lang3.builder.HashCodeBuilderAndEqualsBuilderTest::testInteger,True,True,PASS,,,,1,4
Lang,Lang_1,batch10__Lang_1__append__lang_1f_append_line821,lang_1f_append__line821_854,append,m07,fac447e771a5b8629574418fb1fa8a4059417aedbff1d549894df7c5a16cf622,SUCCESS,FAIL,True,True,True,24,24,1,0,0,0,test_results.csv,harness/executions/runs/batch10__Lang_1__append__lang_1f_append_line821/execution/m07.log,org.apache.commons.lang3.builder.HashCodeBuilderAndEqualsBuilderTest::testIntegerWithTransients,True,True,PASS,,,,1,5
Lang,Lang_1,batch10__Lang_1__append__lang_1f_append_line821,lang_1f_append__line821_854,append,m07,fac447e771a5b8629574418fb1fa8a4059417aedbff1d549894df7c5a16cf622,SUCCESS,FAIL,True,True,True,24,24,1,0,0,0,test_results.csv,harness/executions/runs/batch10__Lang_1__append__lang_1f_append_line821/execution/m07.log,org.apache.commons.lang3.builder.HashCodeBuilderTest::testBooleanArrayAsObject,True,True,PASS,,,,1,6
Lang,Lang_1,batch10__Lang_1__append__lang_1f_append_line821,lang_1f_append__line821_854,append,m07,fac447e771a5b8629574418fb1fa8a4059417aedbff1d549894df7c5a16cf622,SUCCESS,FAIL,True,True,True,24,24,1,0,0,0,test_results.csv,harness/executions/runs/batch10__Lang_1__append__lang_1f_append_line821/execution/m07.log,org.apache.commons.lang3.builder.HashCodeBuilderTest::testBooleanMultiArray,True,True,PASS,,,,1,7
Lang,Lang_1,batch10__Lang_1__append__lang_1f_append_line821,lang_1f_append__line821_854,append,m07,fac447e771a5b8629574418fb1fa8a4059417aedbff1d549894df7c5a16cf622,SUCCESS,FAIL,True,True,True,24,24,1,0,0,0,test_results.csv,harness/executions/runs/batch10__Lang_1__append__lang_1f_append_line821/execution/m07.log,org.apache.commons.lang3.builder.HashCodeBuilderTest::testByteArrayAsObject,True,True,FAIL,,TEST_FAILURE,Observed in defects4j failing-tests list,1,8
Lang,Lang_1,batch10__Lang_1__append__lang_1f_append_line821,lang_1f_append__line821_854,append,m07,fac447e771a5b8629574418fb1fa8a4059417aedbff1d549894df7c5a16cf622,SUCCESS,FAIL,True,True,True,24,24,1,0,0,0,test_results.csv,harness/executions/runs/batch10__Lang_1__append__lang_1f_append_line821/execution/m07.log,org.apache.commons.lang3.builder.HashCodeBuilderTest::testCharArrayAsObject,True,True,PASS,,,,1,9
Lang,Lang_1,batch10__Lang_1__append__lang_1f_append_line821,lang_1f_append__line821_854,append,m07,fac447e771a5b8629574418fb1fa8a4059417aedbff1d549894df7c5a16cf622,SUCCESS,FAIL,True,True,True,24,24,1,0,0,0,test_results.csv,harness/executions/runs/batch10__Lang_1__append__lang_1f_append_line821/execution/m07.log,org.apache.commons.lang3.builder.HashCodeBuilderTest::testDoubleArrayAsObject,True,True,PASS,,,,1,10
Lang,Lang_1,batch10__Lang_1__append__lang_1f_append_line821,lang_1f_append__line821_854,append,m07,fac447e771a5b8629574418fb1fa8a4059417aedbff1d549894df7c5a16cf622,SUCCESS,FAIL,True,True,True,24,24,1,0,0,0,test_results.csv,harness/executions/runs/batch10__Lang_1__append__lang_1f_append_line821/execution/m07.log,org.apache.commons.lang3.builder.HashCodeBuilderTest::testFloatArrayAsObject,True,True,PASS,,,,1,11
Lang,Lang_1,batch10__Lang_1__append__lang_1f_append_line821,lang_1f_append__line821_854,append,m07,fac447e771a5b8629574418fb1fa8a4059417aedbff1d549894df7c5a16cf622,SUCCESS,FAIL,True,True,True,24,24,1,0,0,0,test_results.csv,harness/executions/runs/batch10__Lang_1__append__lang_1f_append_line821/execution/m07.log,org.apache.commons.lang3.builder.HashCodeBuilderTest::testIntArrayAsObject,True,True,PASS,,,,1,12
Lang,Lang_1,batch10__Lang_1__append__lang_1f_append_line821,lang_1f_append__line821_854,append,m07,fac447e771a5b8629574418fb1fa8a4059417aedbff1d549894df7c5a16cf622,SUCCESS,FAIL,True,True,True,24,24,1,0,0,0,test_results.csv,harness/executions/runs/batch10__Lang_1__append__lang_1f_append_line821/execution/m07.log,org.apache.commons.lang3.builder.HashCodeBuilderTest::testLongArrayAsObject,True,True,PASS,,,,1,13
Lang,Lang_1,batch10__Lang_1__append__lang_1f_append_line821,lang_1f_append__line821_854,append,m07,fac447e771a5b8629574418fb1fa8a4059417aedbff1d549894df7c5a16cf622,SUCCESS,FAIL,True,True,True,24,24,1,0,0,0,test_results.csv,harness/executions/runs/batch10__Lang_1__append__lang_1f_append_line821/execution/m07.log,org.apache.commons.lang3.builder.HashCodeBuilderTest::testObject,True,True,PASS,,,,1,14
Lang,Lang_1,batch10__Lang_1__append__lang_1f_append_line821,lang_1f_append__line821_854,append,m07,fac447e771a5b8629574418fb1fa8a4059417aedbff1d549894df7c5a16cf622,SUCCESS,FAIL,True,True,True,24,24,1,0,0,0,test_results.csv,harness/executions/runs/batch10__Lang_1__append__lang_1f_append_line821/execution/m07.log,org.apache.commons.lang3.builder.HashCodeBuilderTest::testObjectArray,True,True,PASS,,,,1,15
Lang,Lang_1,batch10__Lang_1__append__lang_1f_append_line821,lang_1f_append__line821_854,append,m07,fac447e771a5b8629574418fb1fa8a4059417aedbff1d549894df7c5a16cf622,SUCCESS,FAIL,True,True,True,24,24,1,0,0,0,test_results.csv,harness/executions/runs/batch10__Lang_1__append__lang_1f_append_line821/execution/m07.log,org.apache.commons.lang3.builder.HashCodeBuilderTest::testObjectArrayAsObject,True,True,PASS,,,,1,16
Lang,Lang_1,batch10__Lang_1__append__lang_1f_append_line821,lang_1f_append__line821_854,append,m07,fac447e771a5b8629574418fb1fa8a4059417aedbff1d549894df7c5a16cf622,SUCCESS,FAIL,True,True,True,24,24,1,0,0,0,test_results.csv,harness/executions/runs/batch10__Lang_1__append__lang_1f_append_line821/execution/m07.log,org.apache.commons.lang3.builder.HashCodeBuilderTest::testObjectBuild,True,True,PASS,,,,1,17
Lang,Lang_1,batch10__Lang_1__append__lang_1f_append_line821,lang_1f_append__line821_854,append,m07,fac447e771a5b8629574418fb1fa8a4059417aedbff1d549894df7c5a16cf622,SUCCESS,FAIL,True,True,True,24,24,1,0,0,0,test_results.csv,harness/executions/runs/batch10__Lang_1__append__lang_1f_append_line821/execution/m07.log,org.apache.commons.lang3.builder.HashCodeBuilderTest::testReflectionHashCode,True,True,PASS,,,,1,18
Lang,Lang_1,batch10__Lang_1__append__lang_1f_append_line821,lang_1f_append__line821_854,append,m07,fac447e771a5b8629574418fb1fa8a4059417aedbff1d549894df7c5a16cf622,SUCCESS,FAIL,True,True,True,24,24,1,0,0,0,test_results.csv,harness/executions/runs/batch10__Lang_1__append__lang_1f_append_line821/execution/m07.log,org.apache.commons.lang3.builder.HashCodeBuilderTest::testReflectionHashCodeExcludeFields,True,True,PASS,,,,1,19
Lang,Lang_1,batch10__Lang_1__append__lang_1f_append_line821,lang_1f_append__line821_854,append,m07,fac447e771a5b8629574418fb1fa8a4059417aedbff1d549894df7c5a16cf622,SUCCESS,FAIL,True,True,True,24,24,1,0,0,0,test_results.csv,harness/executions/runs/batch10__Lang_1__append__lang_1f_append_line821/execution/m07.log,org.apache.commons.lang3.builder.HashCodeBuilderTest::testReflectionHierarchyHashCode,True,True,PASS,,,,1,20
Lang,Lang_1,batch10__Lang_1__append__lang_1f_append_line821,lang_1f_append__line821_854,append,m07,fac447e771a5b8629574418fb1fa8a4059417aedbff1d549894df7c5a16cf622,SUCCESS,FAIL,True,True,True,24,24,1,0,0,0,test_results.csv,harness/executions/runs/batch10__Lang_1__append__lang_1f_append_line821/execution/m07.log,org.apache.commons.lang3.builder.HashCodeBuilderTest::testReflectionObjectCycle,True,True,PASS,,,,1,21
Lang,Lang_1,batch10__Lang_1__append__lang_1f_append_line821,lang_1f_append__line821_854,append,m07,fac447e771a5b8629574418fb1fa8a4059417aedbff1d549894df7c5a16cf622,SUCCESS,FAIL,True,True,True,24,24,1,0,0,0,test_results.csv,harness/executions/runs/batch10__Lang_1__append__lang_1f_append_line821/execution/m07.log,org.apache.commons.lang3.builder.HashCodeBuilderTest::testShortArrayAsObject,True,True,PASS,,,,1,22
Lang,Lang_1,batch10__Lang_1__append__lang_1f_append_line821,lang_1f_append__line821_854,append,m07,fac447e771a5b8629574418fb1fa8a4059417aedbff1d549894df7c5a16cf622,SUCCESS,FAIL,True,True,True,24,24,1,0,0,0,test_results.csv,harness/executions/runs/batch10__Lang_1__append__lang_1f_append_line821/execution/m07.log,org.apache.commons.lang3.builder.HashCodeBuilderTest::testSuper,True,True,PASS,,,,1,23
Lang,Lang_1,batch10__Lang_1__append__lang_1f_append_line821,lang_1f_append__line821_854,append,m07,fac447e771a5b8629574418fb1fa8a4059417aedbff1d549894df7c5a16cf622,SUCCESS,FAIL,True,True,True,24,24,1,0,0,0,test_results.csv,harness/executions/runs/batch10__Lang_1__append__lang_1f_append_line821/execution/m07.log,org.apache.commons.lang3.builder.HashCodeBuilderTest::testToHashCodeEqualsHashCode,True,True,PASS,,,,1,24
Lang,Lang_1,batch10__Lang_1__append__lang_1f_append_line821,lang_1f_append__line821_854,append,m08,1f8068497e4bf7106d74f8c93fd71aea9e911a1d643768bb3313ab78f57d2015,SUCCESS,FAIL,True,True,True,24,24,1,0,0,0,test_results.csv,harness/executions/runs/batch10__Lang_1__append__lang_1f_append_line821/execution/m08.log,org.apache.commons.lang3.ArrayUtilsTest::testHashCode,True,True,PASS,,,,2,1
Lang,Lang_1,batch10__Lang_1__append__lang_1f_append_line821,lang_1f_append__line821_854,append,m08,1f8068497e4bf7106d74f8c93fd71aea9e911a1d643768bb3313ab78f57d2015,SUCCESS,FAIL,True,True,True,24,24,1,0,0,0,test_results.csv,harness/executions/runs/batch10__Lang_1__append__lang_1f_append_line821/execution/m08.log,org.apache.commons.lang3.builder.HashCodeBuilderAndEqualsBuilderTest::testFixture,True,True,PASS,,,,2,2
Lang,Lang_1,batch10__Lang_1__append__lang_1f_append_line821,lang_1f_append__line821_854,append,m08,1f8068497e4bf7106d74f8c93fd71aea9e911a1d643768bb3313ab78f57d2015,SUCCESS,FAIL,True,True,True,24,24,1,0,0,0,test_results.csv,harness/executions/runs/batch10__Lang_1__append__lang_1f_append_line821/execution/m08.log,org.apache.commons.lang3.builder.HashCodeBuilderAndEqualsBuilderTest::testFixtureWithTransients,True,True,PASS,,,,2,3
Lang,Lang_1,batch10__Lang_1__append__lang_1f_append_line821,lang_1f_append__line821_854,append,m08,1f8068497e4bf7106d74f8c93fd71aea9e911a1d643768bb3313ab78f57d2015,SUCCESS,FAIL,True,True,True,24,24,1,0,0,0,test_results.csv,harness/executions/runs/batch10__Lang_1__append__lang_1f_append_line821/execution/m08.log,org.apache.commons.lang3.builder.HashCodeBuilderAndEqualsBuilderTest::testInteger,True,True,PASS,,,,2,4
Lang,Lang_1,batch10__Lang_1__append__lang_1f_append_line821,lang_1f_append__line821_854,append,m08,1f8068497e4bf7106d74f8c93fd71aea9e911a1d643768bb3313ab78f57d2015,SUCCESS,FAIL,True,True,True,24,24,1,0,0,0,test_results.csv,harness/executions/runs/batch10__Lang_1__append__lang_1f_append_line821/execution/m08.log,org.apache.commons.lang3.builder.HashCodeBuilderAndEqualsBuilderTest::testIntegerWithTransients,True,True,PASS,,,,2,5
Lang,Lang_1,batch10__Lang_1__append__lang_1f_append_line821,lang_1f_append__line821_854,append,m08,1f8068497e4bf7106d74f8c93fd71aea9e911a1d643768bb3313ab78f57d2015,SUCCESS,FAIL,True,True,True,24,24,1,0,0,0,test_results.csv,harness/executions/runs/batch10__Lang_1__append__lang_1f_append_line821/execution/m08.log,org.apache.commons.lang3.builder.HashCodeBuilderTest::testBooleanArrayAsObject,True,True,PASS,,,,2,6
Lang,Lang_1,batch10__Lang_1__append__lang_1f_append_line821,lang_1f_append__line821_854,append,m08,1f8068497e4bf7106d74f8c93fd71aea9e911a1d643768bb3313ab78f57d2015,SUCCESS,FAIL,True,True,True,24,24,1,0,0,0,test_results.csv,harness/executions/runs/batch10__Lang_1__append__lang_1f_append_line821/execution/m08.log,org.apache.commons.lang3.builder.HashCodeBuilderTest::testBooleanMultiArray,True,True,PASS,,,,2,7
Lang,Lang_1,batch10__Lang_1__append__lang_1f_append_line821,lang_1f_append__line821_854,append,m08,1f8068497e4bf7106d74f8c93fd71aea9e911a1d643768bb3313ab78f57d2015,SUCCESS,FAIL,True,True,True,24,24,1,0,0,0,test_results.csv,harness/executions/runs/batch10__Lang_1__append__lang_1f_append_line821/execution/m08.log,org.apache.commons.lang3.builder.HashCodeBuilderTest::testByteArrayAsObject,True,True,PASS,,,,2,8
Lang,Lang_1,batch10__Lang_1__append__lang_1f_append_line821,lang_1f_append__line821_854,append,m08,1f8068497e4bf7106d74f8c93fd71aea9e911a1d643768bb3313ab78f57d2015,SUCCESS,FAIL,True,True,True,24,24,1,0,0,0,test_results.csv,harness/executions/runs/batch10__Lang_1__append__lang_1f_append_line821/execution/m08.log,org.apache.commons.lang3.builder.HashCodeBuilderTest::testCharArrayAsObject,True,True,PASS,,,,2,9
Lang,Lang_1,batch10__Lang_1__append__lang_1f_append_line821,lang_1f_append__line821_854,append,m08,1f8068497e4bf7106d74f8c93fd71aea9e911a1d643768bb3313ab78f57d2015,SUCCESS,FAIL,True,True,True,24,24,1,0,0,0,test_results.csv,harness/executions/runs/batch10__Lang_1__append__lang_1f_append_line821/execution/m08.log,org.apache.commons.lang3.builder.HashCodeBuilderTest::testDoubleArrayAsObject,True,True,FAIL,,TEST_FAILURE,Observed in defects4j failing-tests list,2,10
Lang,Lang_1,batch10__Lang_1__append__lang_1f_append_line821,lang_1f_append__line821_854,append,m08,1f8068497e4bf7106d74f8c93fd71aea9e911a1d643768bb3313ab78f57d2015,SUCCESS,FAIL,True,True,True,24,24,1,0,0,0,test_results.csv,harness/executions/runs/batch10__Lang_1__append__lang_1f_append_line821/execution/m08.log,org.apache.commons.lang3.builder.HashCodeBuilderTest::testFloatArrayAsObject,True,True,PASS,,,,2,11
Lang,Lang_1,batch10__Lang_1__append__lang_1f_append_line821,lang_1f_append__line821_854,append,m08,1f8068497e4bf7106d74f8c93fd71aea9e911a1d643768bb3313ab78f57d2015,SUCCESS,FAIL,True,True,True,24,24,1,0,0,0,test_results.csv,harness/executions/runs/batch10__Lang_1__append__lang_1f_append_line821/execution/m08.log,org.apache.commons.lang3.builder.HashCodeBuilderTest::testIntArrayAsObject,True,True,PASS,,,,2,12
Lang,Lang_1,batch10__Lang_1__append__lang_1f_append_line821,lang_1f_append__line821_854,append,m08,1f8068497e4bf7106d74f8c93fd71aea9e911a1d643768bb3313ab78f57d2015,SUCCESS,FAIL,True,True,True,24,24,1,0,0,0,test_results.csv,harness/executions/runs/batch10__Lang_1__append__lang_1f_append_line821/execution/m08.log,org.apache.commons.lang3.builder.HashCodeBuilderTest::testLongArrayAsObject,True,True,PASS,,,,2,13
Lang,Lang_1,batch10__Lang_1__append__lang_1f_append_line821,lang_1f_append__line821_854,append,m08,1f8068497e4bf7106d74f8c93fd71aea9e911a1d643768bb3313ab78f57d2015,SUCCESS,FAIL,True,True,True,24,24,1,0,0,0,test_results.csv,harness/executions/runs/batch10__Lang_1__append__lang_1f_append_line821/execution/m08.log,org.apache.commons.lang3.builder.HashCodeBuilderTest::testObject,True,True,PASS,,,,2,14
Lang,Lang_1,batch10__Lang_1__append__lang_1f_append_line821,lang_1f_append__line821_854,append,m08,1f8068497e4bf7106d74f8c93fd71aea9e911a1d643768bb3313ab78f57d2015,SUCCESS,FAIL,True,True,True,24,24,1,0,0,0,test_results.csv,harness/executions/runs/batch10__Lang_1__append__lang_1f_append_line821/execution/m08.log,org.apache.commons.lang3.builder.HashCodeBuilderTest::testObjectArray,True,True,PASS,,,,2,15
Lang,Lang_1,batch10__Lang_1__append__lang_1f_append_line821,lang_1f_append__line821_854,append,m08,1f8068497e4bf7106d74f8c93fd71aea9e911a1d643768bb3313ab78f57d2015,SUCCESS,FAIL,True,True,True,24,24,1,0,0,0,test_results.csv,harness/executions/runs/batch10__Lang_1__append__lang_1f_append_line821/execution/m08.log,org.apache.commons.lang3.builder.HashCodeBuilderTest::testObjectArrayAsObject,True,True,PASS,,,,2,16
Lang,Lang_1,batch10__Lang_1__append__lang_1f_append_line821,lang_1f_append__line821_854,append,m08,1f8068497e4bf7106d74f8c93fd71aea9e911a1d643768bb3313ab78f57d2015,SUCCESS,FAIL,True,True,True,24,24,1,0,0,0,test_results.csv,harness/executions/runs/batch10__Lang_1__append__lang_1f_append_line821/execution/m08.log,org.apache.commons.lang3.builder.HashCodeBuilderTest::testObjectBuild,True,True,PASS,,,,2,17
Lang,Lang_1,batch10__Lang_1__append__lang_1f_append_line821,lang_1f_append__line821_854,append,m08,1f8068497e4bf7106d74f8c93fd71aea9e911a1d643768bb3313ab78f57d2015,SUCCESS,FAIL,True,True,True,24,24,1,0,0,0,test_results.csv,harness/executions/runs/batch10__Lang_1__append__lang_1f_append_line821/execution/m08.log,org.apache.commons.lang3.builder.HashCodeBuilderTest::testReflectionHashCode,True,True,PASS,,,,2,18
Lang,Lang_1,batch10__Lang_1__append__lang_1f_append_line821,lang_1f_append__line821_854,append,m08,1f8068497e4bf7106d74f8c93fd71aea9e911a1d643768bb3313ab78f57d2015,SUCCESS,FAIL,True,True,True,24,24,1,0,0,0,test_results.csv,harness/executions/runs/batch10__Lang_1__append__lang_1f_append_line821/execution/m08.log,org.apache.commons.lang3.builder.HashCodeBuilderTest::testReflectionHashCodeExcludeFields,True,True,PASS,,,,2,19
Lang,Lang_1,batch10__Lang_1__append__lang_1f_append_line821,lang_1f_append__line821_854,append,m08,1f8068497e4bf7106d74f8c93fd71aea9e911a1d643768bb3313ab78f57d2015,SUCCESS,FAIL,True,True,True,24,24,1,0,0,0,test_results.csv,harness/executions/runs/batch10__Lang_1__append__lang_1f_append_line821/execution/m08.log,org.apache.commons.lang3.builder.HashCodeBuilderTest::testReflectionHierarchyHashCode,True,True,PASS,,,,2,20
Lang,Lang_1,batch10__Lang_1__append__lang_1f_append_line821,lang_1f_append__line821_854,append,m08,1f8068497e4bf7106d74f8c93fd71aea9e911a1d643768bb3313ab78f57d2015,SUCCESS,FAIL,True,True,True,24,24,1,0,0,0,test_results.csv,harness/executions/runs/batch10__Lang_1__append__lang_1f_append_line821/execution/m08.log,org.apache.commons.lang3.builder.HashCodeBuilderTest::testReflectionObjectCycle,True,True,PASS,,,,2,21
Lang,Lang_1,batch10__Lang_1__append__lang_1f_append_line821,lang_1f_append__line821_854,append,m08,1f8068497e4bf7106d74f8c93fd71aea9e911a1d643768bb3313ab78f57d2015,SUCCESS,FAIL,True,True,True,24,24,1,0,0,0,test_results.csv,harness/executions/runs/batch10__Lang_1__append__lang_1f_append_line821/execution/m08.log,org.apache.commons.lang3.builder.HashCodeBuilderTest::testShortArrayAsObject,True,True,PASS,,,,2,22
Lang,Lang_1,batch10__Lang_1__append__lang_1f_append_line821,lang_1f_append__line821_854,append,m08,1f8068497e4bf7106d74f8c93fd71aea9e911a1d643768bb3313ab78f57d2015,SUCCESS,FAIL,True,True,True,24,24,1,0,0,0,test_results.csv,harness/executions/runs/batch10__Lang_1__append__lang_1f_append_line821/execution/m08.log,org.apache.commons.lang3.builder.HashCodeBuilderTest::testSuper,True,True,PASS,,,,2,23
Lang,Lang_1,batch10__Lang_1__append__lang_1f_append_line821,lang_1f_append__line821_854,append,m08,1f8068497e4bf7106d74f8c93fd71aea9e911a1d643768bb3313ab78f57d2015,SUCCESS,FAIL,True,True,True,24,24,1,0,0,0,test_results.csv,harness/executions/runs/batch10__Lang_1__append__lang_1f_append_line821/execution/m08.log,org.apache.commons.lang3.builder.HashCodeBuilderTest::testToHashCodeEqualsHashCode,True,True,PASS,,,,2,24
